isDGA,domain,host,subclass
dga,prsmaakivhgwf,prsmaakivhgwf.ru,cryptolocker
dga,e10w5r15k9vksnuql51ul8q7q,e10w5r15k9vksnuql51ul8q7q.net,gameoverdga
dga,sinddsqtqdbk,sinddsqtqdbk.ru,cryptolocker
dga,h7rfh2kghpnx1ta7kmv1nttg0n,h7rfh2kghpnx1ta7kmv1nttg0n.org,gameoverdga
dga,gqifscfjnsbc,gqifscfjnsbc.net,cryptolocker
dga,1m8zjh5u48uiqz4ncxg3hexbv,1m8zjh5u48uiqz4ncxg3hexbv.com,gameoverdga
dga,sodtvfupmgpjb,sodtvfupmgpjb.ru,cryptolocker
dga,1iw7m2e1jk1xmdcytwcm10bbszc,1iw7m2e1jk1xmdcytwcm10bbszc.biz,newgoz
dga,xulgigkar0b315dhdgcmm8jk2,xulgigkar0b315dhdgcmm8jk2.net,gameoverdga
dga,wngasymnrmmpy,wngasymnrmmpy.ru,cryptolocker
dga,bebawohsgqwcxhupruwrnbwkxs,bebawohsgqwcxhupruwrnbwkxs.ru,goz
dga,takencount,takencount.net,nivdort
dga,7af2f875dfe0d36bef4732d52b537c55,7af2f875dfe0d36bef4732d52b537c55.org,bamital
dga,34xm076ac166umlgv71yo2ag5,34xm076ac166umlgv71yo2ag5.org,gameoverdga
dga,lvkzkqytmrduobircujvfqydon,lvkzkqytmrduobircujvfqydon.ru,goz
dga,17g66qyo5ntr0iohra24nwon5,17g66qyo5ntr0iohra24nwon5.net,newgoz
dga,ufmnjlkdauhrwfvbvii,ufmnjlkdauhrwfvbvii.com,necurs
dga,faironly,faironly.net,nivdort
dga,adfataeu,adfataeu.cm,necurs
dga,onombpqbucwv,onombpqbucwv.ru,cryptolocker
dga,vkkvqcixobpscjr,vkkvqcixobpscjr.com,cryptolocker
dga,xxudclnksxxw,xxudclnksxxw.ru,cryptolocker
dga,hmveanvukamuctobadgalxscrouw,hmveanvukamuctobadgalxscrouw.ru,goz
dga,ospuovpxlkmdxrr,ospuovpxlkmdxrr.com,cryptolocker
dga,nexyowcpsrxk,nexyowcpsrxk.ru,cryptolocker
dga,kyjcqkvqulkoy,kyjcqkvqulkoy.mn,necurs
dga,wrdwqgonjuqrnc,wrdwqgonjuqrnc.ru,cryptolocker
dga,takenought,takenought.net,nivdort
dga,esnacmogsbyxayr,esnacmogsbyxayr.ru,cryptolocker
dga,ht5y95kbuiq6x10oua1vwjl7v,ht5y95kbuiq6x10oua1vwjl7v.org,newgoz
dga,zcb236bc551c10vaztar58w3v,zcb236bc551c10vaztar58w3v.com,gameoverdga
dga,zv96031bcsdgx1eqoxl6rjrmtg,zv96031bcsdgx1eqoxl6rjrmtg.biz,gameoverdga
dga,humanhappy,humanhappy.net,nivdort
dga,nnbrdtdbtgsdayrw,nnbrdtdbtgsdayrw.ac,necurs
dga,ur3nnet4ao8ofcg3a81sl0jc3,ur3nnet4ao8ofcg3a81sl0jc3.org,newgoz
dga,tavtcctn,tavtcctn.bit,necurs
dga,xzctpqf0zcbjc9hgh1njvpp8,xzctpqf0zcbjc9hgh1njvpp8.biz,newgoz
dga,lwmgjqvhpwiabx,lwmgjqvhpwiabx.in,necurs
dga,glwlrnxbkkwpegt,glwlrnxbkkwpegt.ru,cryptolocker
dga,aejznveaemqtzpgbicakfwsjrkn,aejznveaemqtzpgbicakfwsjrkn.ru,goz
dga,1xib58g15jskjv170wbbbgvdu5h,1xib58g15jskjv170wbbbgvdu5h.com,gameoverdga
dga,nqixjfmbnugc,nqixjfmbnugc.ru,cryptolocker
dga,wujldvpnwtarme,wujldvpnwtarme.info,cryptolocker
dga,gghxkwhadhrvwselntnpg,gghxkwhadhrvwselntnpg.co,necurs
dga,d67613e6349becbb0b2c2fc2a51bd674,d67613e6349becbb0b2c2fc2a51bd674.org,bamital
dga,lcfprtxxieutukm,lcfprtxxieutukm.ru,cryptolocker
dga,c1a977e5c373b41da2578ec059bac431,c1a977e5c373b41da2578ec059bac431.co.cc,bamital
dga,vjfgtiaqhiam,vjfgtiaqhiam.info,cryptolocker
dga,1atzlbwjelkc3o7ztua1vfz1gi,1atzlbwjelkc3o7ztua1vfz1gi.org,gameoverdga
dga,dc8a3dc47bbd3d27a187bef5f006aad5,dc8a3dc47bbd3d27a187bef5f006aad5.info,bamital
dga,arivejune,arivejune.net,nivdort
dga,69250cd4723eda09988f0066731ce10e,69250cd4723eda09988f0066731ce10e.co.cc,bamital
dga,yggiqnjpjgfs,yggiqnjpjgfs.ki,necurs
dga,4d626ca6a92cad54be4f4f41c1035ee2,4d626ca6a92cad54be4f4f41c1035ee2.info,bamital
dga,cissmlwlddxx,cissmlwlddxx.ru,cryptolocker
dga,36bbad797ea27914dc8e55c2762c37d0,36bbad797ea27914dc8e55c2762c37d0.cz.cc,bamital
dga,4ac8e0af3fe8f404afae90bbb7ec33d5,4ac8e0af3fe8f404afae90bbb7ec33d5.info,bamital
dga,ybdmuspdvlrbcmqmehja,ybdmuspdvlrbcmqmehja.nf,necurs
dga,yyntbkwkqolbq,yyntbkwkqolbq.ru,cryptolocker
dga,jbnjyteilrthecqgiyxtokjwk,jbnjyteilrthecqgiyxtokjwk.ru,goz
dga,uxdabttlpvpdd,uxdabttlpvpdd.ru,cryptolocker
dga,jhagspuhdsyseb,jhagspuhdsyseb.ru,cryptolocker
dga,iimpjassaboqbqxembn,iimpjassaboqbqxembn.jp,necurs
dga,1ycd3efvgrwbxkxggur71knmw,1ycd3efvgrwbxkxggur71knmw.com,newgoz
dga,4c134f8a2e34831a4e7478c77a8ff4a4,4c134f8a2e34831a4e7478c77a8ff4a4.cz.cc,bamital
dga,gnwnixjeqiegors,gnwnixjeqiegors.ru,cryptolocker
dga,lesmcexfgcmtv,lesmcexfgcmtv.ru,cryptolocker
dga,yvbtespycpnefd,yvbtespycpnefd.ru,cryptolocker
dga,0351d5799825570b097cd83f3eea825a,0351d5799825570b097cd83f3eea825a.co.cc,bamital
dga,mrzdtorslvkjyxguhuvwddmkrvw,mrzdtorslvkjyxguhuvwddmkrvw.ru,goz
dga,quicktell,quicktell.net,nivdort
dga,wmfvwmdllgwdwgvvblfl,wmfvwmdllgwdwgvvblfl.nu,necurs
dga,yrlwpwvlayvaaus,yrlwpwvlayvaaus.ru,cryptolocker
dga,iufrnirkvjmq,iufrnirkvjmq.ru,cryptolocker
dga,southlend,southlend.net,nivdort
dga,1u182ow1vjhavz1j4mk7k1suvz9f,1u182ow1vjhavz1j4mk7k1suvz9f.net,gameoverdga
dga,jchkpqysdc,jchkpqysdc.cx,necurs
dga,mtnacfsvaqjgx,mtnacfsvaqjgx.eu,necurs
dga,csc1wfndiwo313riq9auak1i3,csc1wfndiwo313riq9auak1i3.net,newgoz
dga,18fsajlj2b5vp1azo7ivn6iojj,18fsajlj2b5vp1azo7ivn6iojj.net,newgoz
dga,cbaekflxjjxrhv,cbaekflxjjxrhv.co.uk,cryptolocker
dga,sfilluripexp,sfilluripexp.ru,cryptolocker
dga,syvbibwljcfo,syvbibwljcfo.ru,cryptolocker
dga,ltjgthyyppox,ltjgthyyppox.ru,cryptolocker
dga,eemlqutyvedjhthmoqc,eemlqutyvedjhthmoqc.im,necurs
dga,8b4bb5800e8095fd927163cd5781c480,8b4bb5800e8095fd927163cd5781c480.cz.cc,bamital
dga,nkigtpiytcvsd,nkigtpiytcvsd.ru,cryptolocker
dga,tocvgewjqdukj,tocvgewjqdukj.ru,cryptolocker
dga,folrxkmfuttfmg,folrxkmfuttfmg.ru,cryptolocker
dga,1ld7yjqconcctqjwa3xid9j7d,1ld7yjqconcctqjwa3xid9j7d.net,newgoz
dga,skusbixsxnvfqrsrwlgvgamzonoj,skusbixsxnvfqrsrwlgvgamzonoj.ru,goz
dga,gzhaxctcsbesobhxkbonwkxo,gzhaxctcsbesobhxkbonwkxo.ru,goz
dga,f5ff17c69995420cdfff305cbe660b47,f5ff17c69995420cdfff305cbe660b47.co.cc,bamital
dga,fupxcmrgtzdhugaxtstjnzh,fupxcmrgtzdhugaxtstjnzh.ru,goz
dga,mjdmbhmtzxkjbypdebmqkfimvx,mjdmbhmtzxkjbypdebmqkfimvx.ru,goz
dga,1pmjhx129kzelcrunhch8qhe9,1pmjhx129kzelcrunhch8qhe9.net,gameoverdga
dga,v51ysi1r4kyt1qd8iislp35om,v51ysi1r4kyt1qd8iislp35om.biz,gameoverdga
dga,1k1e1vjemjqfc1ax1d4y1ceuhsi,1k1e1vjemjqfc1ax1d4y1ceuhsi.net,newgoz
dga,xy29saitu5281cvlpffmelbhf,xy29saitu5281cvlpffmelbhf.net,gameoverdga
dga,gimfccyqrlsy,gimfccyqrlsy.ru,cryptolocker
dga,xcqsuqcovuswonfxsqocdmzlfx,xcqsuqcovuswonfxsqocdmzlfx.ru,goz
dga,ozdxrwdrkqwkjqtcjzkbdde,ozdxrwdrkqwkjqtcjzkbdde.ru,goz
dga,gvdblnvbqjkujktjlverl,gvdblnvbqjkujktjlverl.xxx,necurs
dga,905928cf9af8c9cd818f5959bb1f2f55,905928cf9af8c9cd818f5959bb1f2f55.co.cc,bamital
dga,ydhmbyhgypnkdpzcymnnjxcalfm,ydhmbyhgypnkdpzcymnnjxcalfm.ru,goz
dga,hfkgfhvrullao,hfkgfhvrullao.ru,cryptolocker
dga,eovvbexqfak,eovvbexqfak.org,necurs
dga,tkhyusyexbiwjnr,tkhyusyexbiwjnr.ru,cryptolocker
dga,sickaugust,sickaugust.net,nivdort
dga,138k61cllt8ns198bhukbeuudp,138k61cllt8ns198bhukbeuudp.com,gameoverdga
dga,ffbfbsbaycuuyc,ffbfbsbaycuuyc.biz,cryptolocker
dga,vlppaqfirieyf,vlppaqfirieyf.ru,cryptolocker
dga,babdwrpenpwiprxug,babdwrpenpwiprxug.im,necurs
dga,sbjkrbysmjjsqd,sbjkrbysmjjsqd.ru,cryptolocker
dga,gladsure,gladsure.net,nivdort
dga,17uulnu4pm69g6utfo1gh744f,17uulnu4pm69g6utfo1gh744f.com,gameoverdga
dga,4e3f3b1ba8a0b611c324f51efd898d47,4e3f3b1ba8a0b611c324f51efd898d47.co.cc,bamital
dga,saltmonday,saltmonday.net,nivdort
dga,gliscdpfaeikib,gliscdpfaeikib.ru,cryptolocker
dga,7cothijg530u12q373410mqfp8,7cothijg530u12q373410mqfp8.com,gameoverdga
dga,ayoxptntymrh,ayoxptntymrh.ru,cryptolocker
dga,1tv4gfef17iu91gkeames7qvus,1tv4gfef17iu91gkeames7qvus.biz,gameoverdga
dga,fe1f9aa1b5ee9209ce7ca5962d5d35ee,fe1f9aa1b5ee9209ce7ca5962d5d35ee.cz.cc,bamital
dga,nuhvfevclmkbbp,nuhvfevclmkbbp.ru,cryptolocker
dga,milkeasy,milkeasy.net,nivdort
dga,gladcompe,gladcompe.net,nivdort
dga,eexjgknxigdcoa,eexjgknxigdcoa.ru,cryptolocker
dga,fkkdvaonngdplrf,fkkdvaonngdplrf.ru,cryptolocker
dga,hclpbjvoobgncg,hclpbjvoobgncg.ru,cryptolocker
dga,darkdance,darkdance.net,nivdort
dga,casemeet,casemeet.net,nivdort
dga,gojfvgpwdjygb,gojfvgpwdjygb.ru,cryptolocker
dga,bpjrkjmyyylsmoy,bpjrkjmyyylsmoy.ru,cryptolocker
dga,csmryrnbkhfhvl,csmryrnbkhfhvl.ru,cryptolocker
dga,c6571c9c6e1a5164c7bdf48c3e3bbe61,c6571c9c6e1a5164c7bdf48c3e3bbe61.co.cc,bamital
dga,wqegjgahpptjai,wqegjgahpptjai.ru,cryptolocker
dga,ltdhxwirlfbeoma,ltdhxwirlfbeoma.com,cryptolocker
dga,meatcolor,meatcolor.net,nivdort
dga,1uv4ek21fbwt9zxkod1edeyx13,1uv4ek21fbwt9zxkod1edeyx13.net,gameoverdga
dga,mmtxloqamswrdeth,mmtxloqamswrdeth.us,necurs
dga,wqppfubvyaxqsdg,wqppfubvyaxqsdg.ru,cryptolocker
dga,ucmjrsnzbqdwhbqfesci,ucmjrsnzbqdwhbqfesci.ru,goz
dga,1wopm6i1f4mm4plyodyr2ucnlv,1wopm6i1f4mm4plyodyr2ucnlv.net,newgoz
dga,15d5tc6b7vmjq13uu2jcr69if,15d5tc6b7vmjq13uu2jcr69if.net,gameoverdga
dga,tpmrofhmfeqnfqghmvcmxsvcdqkf,tpmrofhmfeqnfqghmvcmxsvcdqkf.ru,goz
dga,vxgpofncjjyrih,vxgpofncjjyrih.ru,cryptolocker
dga,yahtnfgtmatitpl,yahtnfgtmatitpl.ru,cryptolocker
dga,xwtxfxrdminrb,xwtxfxrdminrb.com,cryptolocker
dga,66af6fb0f4ba1c52f4bd18cdd306b809,66af6fb0f4ba1c52f4bd18cdd306b809.org,bamital
dga,vttuqneeebka,vttuqneeebka.ru,cryptolocker
dga,loahpfglxcxqwtxdw,loahpfglxcxqwtxdw.in,necurs
dga,sbsuaemhssevcnreanvvu,sbsuaemhssevcnreanvvu.mn,necurs
dga,pdxhdsahokbwn,pdxhdsahokbwn.biz,cryptolocker
dga,gmrwkzbpbusxrcqnvqdgy,gmrwkzbpbusxrcqnvqdgy.ru,goz
dga,bevwafwnyedd,bevwafwnyedd.net,cryptolocker
dga,hangboat,hangboat.net,nivdort
dga,186c6ff690094c3d6d794dcfd8d62552,186c6ff690094c3d6d794dcfd8d62552.co.cc,bamital
dga,djcayneqmebd,djcayneqmebd.org,cryptolocker
dga,1ociljo1yfnv0j6koqsv1bstvrg,1ociljo1yfnv0j6koqsv1bstvrg.org,newgoz
dga,vpeehuhlbmhgqk,vpeehuhlbmhgqk.ru,cryptolocker
dga,xqjuwemusfoqynxu,xqjuwemusfoqynxu.co,necurs
dga,yhvfudtftmbrqyo,yhvfudtftmbrqyo.ru,cryptolocker
dga,1ia6gm4ngb3rc16dl7s21f4mq61,1ia6gm4ngb3rc16dl7s21f4mq61.net,gameoverdga
dga,hwijkipyrfpbcj,hwijkipyrfpbcj.ru,cryptolocker
dga,qwysacog8gy73k08qo1hjqbb6,qwysacog8gy73k08qo1hjqbb6.org,newgoz
dga,nwbuyjmcmkown,nwbuyjmcmkown.biz,cryptolocker
dga,1i97vvs1iiamadq1awla1v5lqx2,1i97vvs1iiamadq1awla1v5lqx2.biz,gameoverdga
dga,tbldhirvmirep,tbldhirvmirep.info,cryptolocker
dga,offerwild,offerwild.net,nivdort
dga,plslhdyxboojv,plslhdyxboojv.net,cryptolocker
dga,hpxfwhphcemj,hpxfwhphcemj.ru,cryptolocker
dga,265b4dbd02d2149caf797a0bf9466e8c,265b4dbd02d2149caf797a0bf9466e8c.cz.cc,bamital
dga,qqmrnyacfekcyx,qqmrnyacfekcyx.ru,cryptolocker
dga,1p052xizse4cfc80ek55t0cia,1p052xizse4cfc80ek55t0cia.net,newgoz
dga,ukykeiwiymrkaja,ukykeiwiymrkaja.ru,cryptolocker
dga,1nduxitp7uaqiit7xy01924f39,1nduxitp7uaqiit7xy01924f39.com,newgoz
dga,poxqvhplfbjw,poxqvhplfbjw.ru,cryptolocker
dga,hpfkgmctjtcdf,hpfkgmctjtcdf.ru,cryptolocker
dga,hairlift,hairlift.net,nivdort
dga,uulgsdqgjajq,uulgsdqgjajq.net,cryptolocker
dga,movehope,movehope.net,nivdort
dga,joinshown,joinshown.net,nivdort
dga,18wku1etyg00vgrxsrq6fdey7,18wku1etyg00vgrxsrq6fdey7.net,newgoz
dga,xuhisqighvywhx,xuhisqighvywhx.net,cryptolocker
dga,mjwxxjyyjajskb,mjwxxjyyjajskb.ru,cryptolocker
dga,whomeasy,whomeasy.net,nivdort
dga,1958adk9lox8m1pyogj61x5bg1d,1958adk9lox8m1pyogj61x5bg1d.biz,newgoz
dga,3rv865z3s45u1rybuvr12cf0yy,3rv865z3s45u1rybuvr12cf0yy.net,gameoverdga
dga,njnneefvltkumif,njnneefvltkumif.ru,cryptolocker
dga,fqrsrgjsdccw,fqrsrgjsdccw.ru,cryptolocker
dga,nxkpjqghvrybthq,nxkpjqghvrybthq.com,cryptolocker
dga,ltvaphjumedw,ltvaphjumedw.ru,cryptolocker
dga,riqjy94trvfb16859vg1xdyseu,riqjy94trvfb16859vg1xdyseu.com,newgoz
dga,onwuxudgjtnjh,onwuxudgjtnjh.biz,cryptolocker
dga,5ptv7vtzih7wke5nkgla0uy6,5ptv7vtzih7wke5nkgla0uy6.biz,gameoverdga
dga,q3mv7zpuc4cd13z156e10gn6du,q3mv7zpuc4cd13z156e10gn6du.org,newgoz
dga,qitesk8mqt81tzfz3okiz4em,qitesk8mqt81tzfz3okiz4em.com,newgoz
dga,bqqxxurakhkuoyv,bqqxxurakhkuoyv.ru,cryptolocker
dga,rdtwsvnnpsilaxtcddgu,rdtwsvnnpsilaxtcddgu.mu,necurs
dga,xbma9010iss5p12lievyeur84g,xbma9010iss5p12lievyeur84g.org,newgoz
dga,6cae42480844dbcad8fd6449c6dd7f03,6cae42480844dbcad8fd6449c6dd7f03.info,bamital
dga,ddphygqeeyyg,ddphygqeeyyg.ru,cryptolocker
dga,lugtjlhmwgkaevk,lugtjlhmwgkaevk.ru,cryptolocker
dga,13fo32q1vpb40d1fb0whfuj71uo,13fo32q1vpb40d1fb0whfuj71uo.net,newgoz
dga,k3ngzj1ovavqkzwb2501eehow4,k3ngzj1ovavqkzwb2501eehow4.biz,newgoz
dga,19d0ggogoltk117iipybxu248l,19d0ggogoltk117iipybxu248l.org,newgoz
dga,lfswrrkkkedqc,lfswrrkkkedqc.com,cryptolocker
dga,fdgtcmvbwnoggm,fdgtcmvbwnoggm.biz,cryptolocker
dga,zmjbv6xj9cch3hvqcw1meov5k,zmjbv6xj9cch3hvqcw1meov5k.org,newgoz
dga,ffyucmiasonjq,ffyucmiasonjq.org,cryptolocker
dga,1at13j52o5ij01vkdpke1y2wkfm,1at13j52o5ij01vkdpke1y2wkfm.com,gameoverdga
dga,wgufvwmfjjuetbw,wgufvwmfjjuetbw.ru,cryptolocker
dga,swkndhanaxcnak,swkndhanaxcnak.info,cryptolocker
dga,sahydjiqxasry,sahydjiqxasry.com,cryptolocker
dga,1nexjz61pe7428chg9nd1afovl2,1nexjz61pe7428chg9nd1afovl2.org,newgoz
dga,uqookdnxxwoexd,uqookdnxxwoexd.info,cryptolocker
dga,mjsmbn1urpopl1qgnv1i1kr8yti,mjsmbn1urpopl1qgnv1i1kr8yti.net,newgoz
dga,raornbitsehc,raornbitsehc.ru,cryptolocker
dga,ururqurekotch,ururqurekotch.tw,necurs
dga,btxkvsdnguxay,btxkvsdnguxay.ru,cryptolocker
dga,jysdegpojxxspqy,jysdegpojxxspqy.ru,cryptolocker
dga,nwwbjjkaxeqtl,nwwbjjkaxeqtl.ru,cryptolocker
dga,1rqeba31oxg99pxpw4ijwuwcwo,1rqeba31oxg99pxpw4ijwuwcwo.net,newgoz
dga,signconsiderable,signconsiderable.net,nivdort
dga,1o2tjn41jd3p2z3xez2bdm278k,1o2tjn41jd3p2z3xez2bdm278k.biz,gameoverdga
dga,cbvldiqbvfsu,cbvldiqbvfsu.org,cryptolocker
dga,hmmbvoayizvqceibztkjypajb,hmmbvoayizvqceibztkjypajb.ru,goz
dga,nprvetqvjbbls,nprvetqvjbbls.ru,cryptolocker
dga,ced1fc782888876bc6972696483e5213,ced1fc782888876bc6972696483e5213.cz.cc,bamital
dga,groupsome,groupsome.net,nivdort
dga,atsbky1qdxoj61k6lzmeu3qf1x,atsbky1qdxoj61k6lzmeu3qf1x.biz,gameoverdga
dga,lmoqfahdtjpiu,lmoqfahdtjpiu.net,cryptolocker
dga,feafiujgwpbebw,feafiujgwpbebw.ru,cryptolocker
dga,ltnmotnebabd,ltnmotnebabd.ru,cryptolocker
dga,orrilhtmlufdy,orrilhtmlufdy.info,cryptolocker
dga,1bx0xfhrkpjh6opcsuf1vvsuae,1bx0xfhrkpjh6opcsuf1vvsuae.org,gameoverdga
dga,hnflgp4u2jjpsj5n0rzomqw4,hnflgp4u2jjpsj5n0rzomqw4.net,newgoz
dga,qwujxmgepsoooo,qwujxmgepsoooo.com,cryptolocker
dga,1ti1js414g25s1yxxub21yus461,1ti1js414g25s1yxxub21yus461.org,newgoz
dga,jybkvdyxfndmo,jybkvdyxfndmo.ru,cryptolocker
dga,tkebtefdooaufjo,tkebtefdooaufjo.ru,cryptolocker
dga,1rd2gqeahau76115fqa1m7tl2q,1rd2gqeahau76115fqa1m7tl2q.com,gameoverdga
dga,celrgdaijvsd,celrgdaijvsd.ru,cryptolocker
dga,dfillaqgkwaggp,dfillaqgkwaggp.ru,cryptolocker
dga,wuskmicldwgnbpupboglx,wuskmicldwgnbpupboglx.im,necurs
dga,uqvoauwfxicgm,uqvoauwfxicgm.eu,necurs
dga,xtsdkedkqnjtm,xtsdkedkqnjtm.ru,cryptolocker
dga,jakobmarxfcte,jakobmarxfcte.ru,cryptolocker
dga,takenelse,takenelse.net,nivdort
dga,visittaste,visittaste.net,nivdort
dga,jjnlrjuxoawnpl,jjnlrjuxoawnpl.ru,cryptolocker
dga,gladwhere,gladwhere.net,nivdort
dga,qcghchiwbhaspwh,qcghchiwbhaspwh.ru,cryptolocker
dga,48dcd6acb6cb552b9db08b644e4eacea,48dcd6acb6cb552b9db08b644e4eacea.co.cc,bamital
dga,qwaebwlxdueyrlh,qwaebwlxdueyrlh.biz,cryptolocker
dga,noxcpjdp,noxcpjdp.sx,necurs
dga,1mhveqjgdnt3p81g7udf3mryl,1mhveqjgdnt3p81g7udf3mryl.com,newgoz
dga,kmvnyejmivkyr,kmvnyejmivkyr.ru,cryptolocker
dga,hairhand,hairhand.net,nivdort
dga,112rwy9hv22f81bvq01n15u4hqc,112rwy9hv22f81bvq01n15u4hqc.net,gameoverdga
dga,bynhrwjcpuoyc,bynhrwjcpuoyc.biz,cryptolocker
dga,fisccygcmyfit,fisccygcmyfit.ru,cryptolocker
dga,sigvwyehpclfhd,sigvwyehpclfhd.ru,cryptolocker
dga,vkbgcmileuahwuon,vkbgcmileuahwuon.eu,necurs
dga,dqnnxpudprxvns,dqnnxpudprxvns.ru,cryptolocker
dga,wdqjkpltirjhtho,wdqjkpltirjhtho.ru,cryptolocker
dga,nkfrjfgmbarr,nkfrjfgmbarr.ru,cryptolocker
dga,1vtm6mq1c00d511uzs9ke1nfkp6u,1vtm6mq1c00d511uzs9ke1nfkp6u.biz,gameoverdga
dga,ohufyeefwhqhdq,ohufyeefwhqhdq.ru,cryptolocker
dga,tcdpumuyekxht,tcdpumuyekxht.ru,cryptolocker
dga,ujmvnkosjtglab,ujmvnkosjtglab.ru,cryptolocker
dga,1vjsn42io5z7u1kcjrpbydnlhm,1vjsn42io5z7u1kcjrpbydnlhm.biz,newgoz
dga,f869fa47f75ed4775575f9390d7f2433,f869fa47f75ed4775575f9390d7f2433.org,bamital
dga,d8gaqpsjngnj147m4r9pj7fq,d8gaqpsjngnj147m4r9pj7fq.com,newgoz
dga,kyafyfltsbgnrr,kyafyfltsbgnrr.me,necurs
dga,1hl0jfx1gdcey61pb10rx3anre,1hl0jfx1gdcey61pb10rx3anre.org,gameoverdga
dga,dtuklqmmsuujgx,dtuklqmmsuujgx.ru,cryptolocker
dga,kfbvqsogtkoirtj,kfbvqsogtkoirtj.ru,cryptolocker
dga,jqpdacumkjwt,jqpdacumkjwt.ru,cryptolocker
dga,aonvflwl,aonvflwl.ki,necurs
dga,fxufxlbuteapbv,fxufxlbuteapbv.ru,cryptolocker
dga,jubrndhxdxnkqkm,jubrndhxdxnkqkm.ru,cryptolocker
dga,humanworld,humanworld.net,nivdort
dga,of1iuc157dunr1fgzmqqb665f9,of1iuc157dunr1fgzmqqb665f9.biz,newgoz
dga,ehelbshsmkfr,ehelbshsmkfr.org,cryptolocker
dga,uiqfoovfqusnp,uiqfoovfqusnp.co.uk,cryptolocker
dga,lzqlr41iawubu1vtz1c91vnf9o4,lzqlr41iawubu1vtz1c91vnf9o4.net,gameoverdga
dga,pvqguvcoqokyls,pvqguvcoqokyls.ru,cryptolocker
dga,9m83eo3y1987ttgzp16vm62d,9m83eo3y1987ttgzp16vm62d.com,newgoz
dga,3yll9vrgmbxx1qem2r0bqwbh,3yll9vrgmbxx1qem2r0bqwbh.net,gameoverdga
dga,nrvakvceqkfhx,nrvakvceqkfhx.info,cryptolocker
dga,f47acc568119a22c192f5d78b3c13bfa,f47acc568119a22c192f5d78b3c13bfa.cz.cc,bamital
dga,6a4fe36b6b1cb436f75bb7e85bcaec40,6a4fe36b6b1cb436f75bb7e85bcaec40.info,bamital
dga,ifalemlliebqeg,ifalemlliebqeg.info,cryptolocker
dga,15flxd518hr62g9hn1pa1elxvz8,15flxd518hr62g9hn1pa1elxvz8.net,gameoverdga
dga,behnconslabg,behnconslabg.com,cryptolocker
dga,uqwontjgxbtksll,uqwontjgxbtksll.net,cryptolocker
dga,quickhurry,quickhurry.net,nivdort
dga,mmtgjlwwxnhedev,mmtgjlwwxnhedev.ru,cryptolocker
dga,tkuoovjzamnbkrhymzkbtcdmptcpau,tkuoovjzamnbkrhymzkbtcdmptcpau.ru,goz
dga,tlwqyjqa,tlwqyjqa.la,necurs
dga,iatovwqtywqjbw,iatovwqtywqjbw.org,cryptolocker
dga,i8vgss18oq8lq1ptxscog9f4jp,i8vgss18oq8lq1ptxscog9f4jp.org,newgoz
dga,rctcmgsgsaqlof,rctcmgsgsaqlof.com,cryptolocker
dga,yr8k7zcwycshtaiaac1oub3qa,yr8k7zcwycshtaiaac1oub3qa.org,gameoverdga
dga,edklqrlvfmab,edklqrlvfmab.ru,cryptolocker
dga,cpdhieeptilwpev,cpdhieeptilwpev.ru,cryptolocker
dga,urnlioprmmnespu,urnlioprmmnespu.ru,cryptolocker
dga,qfngrrdaopgifhc,qfngrrdaopgifhc.ru,cryptolocker
dga,nqwcuvctspgyrcylrkauhzherd,nqwcuvctspgyrcylrkauhzherd.ru,goz
dga,licvbpifctdgcew,licvbpifctdgcew.ru,cryptolocker
dga,v2ishl1l3jeb68s79p3vkn2a,v2ishl1l3jeb68s79p3vkn2a.org,newgoz
dga,rpfqcbyrbpttsmu,rpfqcbyrbpttsmu.ru,cryptolocker
dga,weduaw13ds8zx7m08x51dx8hxo,weduaw13ds8zx7m08x51dx8hxo.org,newgoz
dga,roa92asnzhxh2dmzcun9br6s,roa92asnzhxh2dmzcun9br6s.net,newgoz
dga,hjbfhulttugf,hjbfhulttugf.ru,cryptolocker
dga,sightfind,sightfind.net,nivdort
dga,qhvfciqmgphnuy,qhvfciqmgphnuy.ru,cryptolocker
dga,1kmpw17xcktuv1dyxs9q1eblw6c,1kmpw17xcktuv1dyxs9q1eblw6c.biz,newgoz
dga,pgwvvmsdgeosqxn,pgwvvmsdgeosqxn.net,cryptolocker
dga,lslsvpieg,lslsvpieg.com,necurs
dga,ujwywwooglnyd,ujwywwooglnyd.ru,cryptolocker
dga,a923cb85170f66afdc4292d5e3da0ca5,a923cb85170f66afdc4292d5e3da0ca5.co.cc,bamital
dga,ypxnqheckgjkbu,ypxnqheckgjkbu.ru,cryptolocker
dga,ftm5tl455mk213bje7dg4dydu,ftm5tl455mk213bje7dg4dydu.com,newgoz
dga,mtantwkbcylydq,mtantwkbcylydq.ru,cryptolocker
dga,ewjyfigkoivilw,ewjyfigkoivilw.net,necurs
dga,lbgqtprhbyukemvcnulzl,lbgqtprhbyukemvcnulzl.ru,goz
dga,14l1wchu3258qoeavgxxjz5oq,14l1wchu3258qoeavgxxjz5oq.com,newgoz
dga,lhbbxnfcsavpyyu,lhbbxnfcsavpyyu.co.uk,cryptolocker
dga,gfxwnyrwrkcgwtk,gfxwnyrwrkcgwtk.ru,cryptolocker
dga,siepqtqcmetig,siepqtqcmetig.ru,cryptolocker
dga,saltthank,saltthank.net,nivdort
dga,njsntgjggtkn,njsntgjggtkn.ru,cryptolocker
dga,teojsisjhlycnwf,teojsisjhlycnwf.net,cryptolocker
dga,1or09av1rmig3q8rekxvuad1t5,1or09av1rmig3q8rekxvuad1t5.com,newgoz
dga,bqwbyfutkvgdydytwsrjfdnr,bqwbyfutkvgdydytwsrjfdnr.ru,goz
dga,1ypsp2k1funyrzgqgp7o1wpprm9,1ypsp2k1funyrzgqgp7o1wpprm9.com,gameoverdga
dga,1bijfwq1qez2mnx77yr188phu2,1bijfwq1qez2mnx77yr188phu2.biz,newgoz
dga,pickgone,pickgone.net,nivdort
dga,15apblf1p56qqn3npn7e1r0cssm,15apblf1p56qqn3npn7e1r0cssm.com,gameoverdga
dga,qaflouxsmvhjfxh,qaflouxsmvhjfxh.ru,cryptolocker
dga,jvnmpxfwhhsmj,jvnmpxfwhhsmj.ru,cryptolocker
dga,1vqiegq4pg0ksm5xd7iohnzgz,1vqiegq4pg0ksm5xd7iohnzgz.net,newgoz
dga,withopen,withopen.net,nivdort
dga,qbxwijmhhvesghthrh,qbxwijmhhvesghthrh.ru,necurs
dga,qwdepvtqh,qwdepvtqh.org,necurs
dga,darkthank,darkthank.net,nivdort
dga,f7570594ecdd9c122092347643463c45,f7570594ecdd9c122092347643463c45.co.cc,bamital
dga,sqnwdjbgvgqj,sqnwdjbgvgqj.ru,cryptolocker
dga,ryievgujvgeb,ryievgujvgeb.ru,cryptolocker
dga,eflrlvmrdfqewga,eflrlvmrdfqewga.ru,cryptolocker
dga,wifelive,wifelive.net,nivdort
dga,9ae537c1fdabdf3c243de194c84d9a89,9ae537c1fdabdf3c243de194c84d9a89.cz.cc,bamital
dga,177g7xm1xadoisk7qkqna3yzxo,177g7xm1xadoisk7qkqna3yzxo.org,newgoz
dga,fairjune,fairjune.net,nivdort
dga,rnperfmkokyr,rnperfmkokyr.ru,cryptolocker
dga,ljuofuevlprsvs,ljuofuevlprsvs.ru,cryptolocker
dga,dreamtuesday,dreamtuesday.net,nivdort
dga,wurcwtheqfvfika,wurcwtheqfvfika.ru,cryptolocker
dga,yyekcnixwbwyiijhxupj,yyekcnixwbwyiijhxupj.tj,necurs
dga,groupmarch,groupmarch.net,nivdort
dga,xpgwuviippsfs,xpgwuviippsfs.ru,cryptolocker
dga,16xwp3lg28g3g1h7jdjy6hlfud,16xwp3lg28g3g1h7jdjy6hlfud.biz,gameoverdga
dga,df4e9883fc7b1ed7c90809557c109df7,df4e9883fc7b1ed7c90809557c109df7.co.cc,bamital
dga,f8jcee18hoz3a1cgc2meibupf6,f8jcee18hoz3a1cgc2meibupf6.com,newgoz
dga,1ys2zxh1y2mpeg1l0rpgnr95m6w,1ys2zxh1y2mpeg1l0rpgnr95m6w.org,newgoz
dga,pfikjizqotwamhnjxojfdytlvo,pfikjizqotwamhnjxojfdytlvo.ru,goz
dga,cxcmejmas,cxcmejmas.cm,necurs
dga,1hk7hi5l8jalc158auhd1kxmm4p,1hk7hi5l8jalc158auhd1kxmm4p.com,gameoverdga
dga,vvweyrfyhoogdn,vvweyrfyhoogdn.ru,cryptolocker
dga,7dbd63d5ea61873b3101b214df518120,7dbd63d5ea61873b3101b214df518120.co.cc,bamital
dga,salteight,salteight.net,nivdort
dga,klmrmyevcedimbg,klmrmyevcedimbg.ru,cryptolocker
dga,engwjosbfrphcv,engwjosbfrphcv.ru,cryptolocker
dga,nwfwtcciayrvhmklvt,nwfwtcciayrvhmklvt.ir,necurs
dga,1g4u97s963jowm9euwh1yabr9s,1g4u97s963jowm9euwh1yabr9s.biz,newgoz
dga,jhpeimsbukey,jhpeimsbukey.net,cryptolocker
dga,f353daab51eb13764aeebd24c8fd8072,f353daab51eb13764aeebd24c8fd8072.co.cc,bamital
dga,17fxr3j155cv4k1381xar1hj2m7l,17fxr3j155cv4k1381xar1hj2m7l.net,newgoz
dga,gcocpnymrsaakf,gcocpnymrsaakf.net,cryptolocker
dga,dtowyvspfvcbqbtwhskwsorl,dtowyvspfvcbqbtwhskwsorl.ru,goz
dga,sfmbdpnijlarq,sfmbdpnijlarq.cc,necurs
dga,xurdosbwssjsu,xurdosbwssjsu.ru,cryptolocker
dga,fofoaauhxtstu,fofoaauhxtstu.ru,cryptolocker
dga,mawjloygvmfihq,mawjloygvmfihq.ru,cryptolocker
dga,syrhjhhbhkwdlhs,syrhjhhbhkwdlhs.ru,cryptolocker
dga,iwhroelpm,iwhroelpm.ir,necurs
dga,w7y5jw19vfsus1pvhnjly7z2bw,w7y5jw19vfsus1pvhnjly7z2bw.com,gameoverdga
dga,sehopvcpuawjorj,sehopvcpuawjorj.ru,cryptolocker
dga,wertmbcgjwneg,wertmbcgjwneg.ru,cryptolocker
dga,gnwehrvcrkqc,gnwehrvcrkqc.ru,cryptolocker
dga,557ca7cbbb9d93d895e6e8a3cc32e91a,557ca7cbbb9d93d895e6e8a3cc32e91a.cz.cc,bamital
dga,75438107fd9901bfde56911a69abe96f,75438107fd9901bfde56911a69abe96f.cz.cc,bamital
dga,jznmh612cxrbtrhdyzv1s0k4lz,jznmh612cxrbtrhdyzv1s0k4lz.com,gameoverdga
dga,vnootwgbsjfqgg,vnootwgbsjfqgg.ru,cryptolocker
dga,jefbfnfiybau,jefbfnfiybau.biz,cryptolocker
dga,faylxffphicavnw,faylxffphicavnw.ru,cryptolocker
dga,e86db8e4f8e713f27543f31e941cdf86,e86db8e4f8e713f27543f31e941cdf86.co.cc,bamital
dga,e5k3yjayihgrgq92f2bi9aq5,e5k3yjayihgrgq92f2bi9aq5.org,newgoz
dga,joinmeet,joinmeet.net,nivdort
dga,hdbuuevynphl,hdbuuevynphl.ru,cryptolocker
dga,gv0dy81xurl0v9bat9u1mn2efc,gv0dy81xurl0v9bat9u1mn2efc.com,newgoz
dga,deaddeal,deaddeal.net,nivdort
dga,ljpumwlcvoqiej,ljpumwlcvoqiej.ru,cryptolocker
dga,ikovbcrcsikmt,ikovbcrcsikmt.co.uk,cryptolocker
dga,mmiplhrtueepl,mmiplhrtueepl.com,cryptolocker
dga,1jqiq8q6yof9i0v396f8k6zb,1jqiq8q6yof9i0v396f8k6zb.net,newgoz
dga,groupgift,groupgift.net,nivdort
dga,imcdqxpnutejgc,imcdqxpnutejgc.biz,cryptolocker
dga,sickwhere,sickwhere.net,nivdort
dga,x92ebo140zp7v612wlg1h43rdv,x92ebo140zp7v612wlg1h43rdv.biz,newgoz
dga,1i6b4hpzzeklu1pzbwwnit1f6u,1i6b4hpzzeklu1pzbwwnit1f6u.com,newgoz
dga,15v6ivi2wxwpc1gyme7b1fwmagz,15v6ivi2wxwpc1gyme7b1fwmagz.net,gameoverdga
dga,guuubercaabfbf,guuubercaabfbf.ru,cryptolocker
dga,uwyhbauotcpzxlnvhfmxkkbqobuk,uwyhbauotcpzxlnvhfmxkkbqobuk.ru,goz
dga,wifeheat,wifeheat.net,nivdort
dga,vbhjgvkiwvfrt,vbhjgvkiwvfrt.tv,necurs
dga,18cyw0xzvq7su1v6rp5sttscml,18cyw0xzvq7su1v6rp5sttscml.org,newgoz
dga,nhtcrhnvtrhkat,nhtcrhnvtrhkat.ru,cryptolocker
dga,lxpbi1uhd1c6pvvbg510hdg25,lxpbi1uhd1c6pvvbg510hdg25.com,newgoz
dga,joinpure,joinpure.net,nivdort
dga,021194bbaf31cd3ed38d77eb45450f54,021194bbaf31cd3ed38d77eb45450f54.org,bamital
dga,vshlhfrtgrbdfx,vshlhfrtgrbdfx.ru,cryptolocker
dga,vuyfegucjhrgjjl,vuyfegucjhrgjjl.ru,cryptolocker
dga,rpvkpcdbessdi,rpvkpcdbessdi.ru,cryptolocker
dga,qkbbildwkijirgitppblp,qkbbildwkijirgitppblp.ru,goz
dga,1eary2dp5rynm1nj7j8wx8w63t,1eary2dp5rynm1nj7j8wx8w63t.org,gameoverdga
dga,ableslept,ableslept.net,nivdort
dga,tzoh7h4oeiwhlgeg3n1rdklp4,tzoh7h4oeiwhlgeg3n1rdklp4.com,newgoz
dga,moveloud,moveloud.net,nivdort
dga,smngqqvmkaqtp,smngqqvmkaqtp.ru,cryptolocker
dga,abeeikqddmenf,abeeikqddmenf.biz,necurs
dga,15lq0id1rm4h73b2qlt21ubtdos,15lq0id1rm4h73b2qlt21ubtdos.org,newgoz
dga,6prtz9jdc51n1tnxo0q1vuv2li,6prtz9jdc51n1tnxo0q1vuv2li.com,newgoz
dga,sgmllnynnbxspi,sgmllnynnbxspi.net,cryptolocker
dga,ftomfvkwwjluikq,ftomfvkwwjluikq.ru,cryptolocker
dga,qleycqbvwenehtjaexdn,qleycqbvwenehtjaexdn.bit,necurs
dga,038888c11d8781e8fc8a85544afc1962,038888c11d8781e8fc8a85544afc1962.cz.cc,bamital
dga,1biwhey1iujecglpfcugw8q1fe,1biwhey1iujecglpfcugw8q1fe.biz,newgoz
dga,ssyenbdsvlqvwf,ssyenbdsvlqvwf.ru,cryptolocker
dga,b7d2e0fa366b0ee60c23df7c627e4b47,b7d2e0fa366b0ee60c23df7c627e4b47.info,bamital
dga,dutygoes,dutygoes.net,nivdort
dga,mmrgthtc,mmrgthtc.xxx,necurs
dga,vnwdsvqgfgiuexon,vnwdsvqgfgiuexon.net,necurs
dga,sundayhour,sundayhour.net,nivdort
dga,hhqcccmihvyd,hhqcccmihvyd.ru,cryptolocker
dga,jsuhkpuoqhkfqjh,jsuhkpuoqhkfqjh.co.uk,cryptolocker
dga,6fd402148a3a106f3fe00df3337793ea,6fd402148a3a106f3fe00df3337793ea.co.cc,bamital
dga,qormbbxtcpdydrylvginhdzl,qormbbxtcpdydrylvginhdzl.ru,goz
dga,sightraise,sightraise.net,nivdort
dga,nkocdegncjphijn,nkocdegncjphijn.ru,cryptolocker
dga,xjhyxmll,xjhyxmll.ir,necurs
dga,25c7c2c6d30e7ebdca84278f5056dd95,25c7c2c6d30e7ebdca84278f5056dd95.org,bamital
dga,9cf4aa3382de3d51b0057a8cbfb8c8a1,9cf4aa3382de3d51b0057a8cbfb8c8a1.info,bamital
dga,zz11dcd347ja1sb0w9xkjo9kv,zz11dcd347ja1sb0w9xkjo9kv.net,newgoz
dga,kphaiqiavsvb,kphaiqiavsvb.ru,cryptolocker
dga,ceiayyfbmonc,ceiayyfbmonc.org,cryptolocker
dga,9cdddcf9a399e317de37cbd004d4f288,9cdddcf9a399e317de37cbd004d4f288.co.cc,bamital
dga,4xgasy1v9ra651gta91hi2zwh5,4xgasy1v9ra651gta91hi2zwh5.biz,gameoverdga
dga,1leeuek1mq9jhqfl6x068ifc12,1leeuek1mq9jhqfl6x068ifc12.org,gameoverdga
dga,wyncistneqar,wyncistneqar.ru,cryptolocker
dga,wentheight,wentheight.net,nivdort
dga,ebbkrirgpjivccivu,ebbkrirgpjivccivu.co,necurs
dga,wentvoice,wentvoice.net,nivdort
dga,upxylufmijasde,upxylufmijasde.ru,cryptolocker
dga,ljmjmbvodyxhuucxkhmwkjblfrgi,ljmjmbvodyxhuucxkhmwkjblfrgi.ru,goz
dga,sesiupjeqrvldo,sesiupjeqrvldo.ru,cryptolocker
dga,clwmtvymcnxavny,clwmtvymcnxavny.ru,cryptolocker
dga,apyogmfkqohnir,apyogmfkqohnir.su,necurs
dga,anubohojpapngq,anubohojpapngq.ru,cryptolocker
dga,oidwnbxgdbuh,oidwnbxgdbuh.ru,cryptolocker
dga,jwbtanqwxsyijrnfw,jwbtanqwxsyijrnfw.tw,necurs
dga,jkgsmaalcxuf,jkgsmaalcxuf.org,cryptolocker
dga,ztcepffedmdylqspailuch,ztcepffedmdylqspailuch.ru,goz
dga,etgsgjcvqcnu,etgsgjcvqcnu.ru,cryptolocker
dga,mtjdmedemrkiuh,mtjdmedemrkiuh.ru,cryptolocker
dga,ynocspxxegcftjhbmyf,ynocspxxegcftjhbmyf.cx,necurs
dga,bebysyliwvxcbka,bebysyliwvxcbka.ru,cryptolocker
dga,1c196b9095072a82ee6f69983e95630f,1c196b9095072a82ee6f69983e95630f.co.cc,bamital
dga,qmifgjbhddqbtdh,qmifgjbhddqbtdh.ru,cryptolocker
dga,fopibjvccnmqvl,fopibjvccnmqvl.ru,cryptolocker
dga,nqspidc,nqspidc.nu,necurs
dga,1t1aj8mcumiimdo9cct1in89w7,1t1aj8mcumiimdo9cct1in89w7.biz,newgoz
dga,bebadloutxuf,bebadloutxuf.su,necurs
dga,17attgp1opmst6c1wq9td44sua,17attgp1opmst6c1wq9td44sua.biz,newgoz
dga,cvslahbucda,cvslahbucda.xxx,necurs
dga,rtkdextedtrpjrcrmtqqk,rtkdextedtrpjrcrmtqqk.ru,necurs
dga,qexdtapeeclouubrb,qexdtapeeclouubrb.biz,necurs
dga,qkyzpgmvoswskfqgmyhhehlnbpb,qkyzpgmvoswskfqgmyhhehlnbpb.ru,goz
dga,0ad2a825fc56605f1be2e2b2a5733da4,0ad2a825fc56605f1be2e2b2a5733da4.co.cc,bamital
dga,leihfqqkdaaebainzlqinqwxw,leihfqqkdaaebainzlqinqwxw.ru,goz
dga,gyiljffrpyivbxv,gyiljffrpyivbxv.ru,cryptolocker
dga,chnfhbaetstdoux,chnfhbaetstdoux.ru,cryptolocker
dga,gcvaguoitgatmk,gcvaguoitgatmk.ru,cryptolocker
dga,bycoifplnumy,bycoifplnumy.ru,cryptolocker
dga,3b1976d97c9f07fc4e7b3070b3740fc4,3b1976d97c9f07fc4e7b3070b3740fc4.info,bamital
dga,qffuryvhyytuxuk,qffuryvhyytuxuk.ru,cryptolocker
dga,14y4e8e1ervbo7cqtw4j1c0c9q6,14y4e8e1ervbo7cqtw4j1c0c9q6.net,newgoz
dga,fc0c35e58ffffd185d68395840efd6ac,fc0c35e58ffffd185d68395840efd6ac.cz.cc,bamital
dga,npsojyyqtyieoqp,npsojyyqtyieoqp.ru,cryptolocker
dga,swhujnncokoi,swhujnncokoi.ru,cryptolocker
dga,wqkegechnbey,wqkegechnbey.ru,cryptolocker
dga,ryeqvqpflfvaerygoxs,ryeqvqpflfvaerygoxs.ru,necurs
dga,plakafkqpjhvvxe,plakafkqpjhvvxe.ru,cryptolocker
dga,nnqujpslycng,nnqujpslycng.ru,cryptolocker
dga,ionybcrxqxgcv,ionybcrxqxgcv.ru,cryptolocker
dga,amxkidoqlomf,amxkidoqlomf.ru,cryptolocker
dga,songconsiderable,songconsiderable.net,nivdort
dga,kpfonybiqnhaxub,kpfonybiqnhaxub.ru,cryptolocker
dga,74ion5wjaim918ushdpviqm5i,74ion5wjaim918ushdpviqm5i.com,gameoverdga
dga,1asy036g7tlu0x7kuhezt37af,1asy036g7tlu0x7kuhezt37af.net,newgoz
dga,wvzdua858qeg9yfawi2iz55j,wvzdua858qeg9yfawi2iz55j.org,gameoverdga
dga,fpegqcyh,fpegqcyh.me,necurs
dga,dmusweeddqbg,dmusweeddqbg.ru,cryptolocker
dga,lnetpdovxsodsl,lnetpdovxsodsl.ru,cryptolocker
dga,mlimotakepdsv,mlimotakepdsv.so,necurs
dga,ntblualoe,ntblualoe.bit,necurs
dga,spokewing,spokewing.net,nivdort
dga,tnaqjndbcciqh,tnaqjndbcciqh.ru,cryptolocker
dga,ocogjypdkaabg,ocogjypdkaabg.info,cryptolocker
dga,wishfeed,wishfeed.net,nivdort
dga,ncykfenqojwf,ncykfenqojwf.ru,cryptolocker
dga,cbeuhkmxhatuyiw,cbeuhkmxhatuyiw.ru,cryptolocker
dga,ilvcrwpybiujn,ilvcrwpybiujn.ru,cryptolocker
dga,67a617a92e3289c73159b1681fc6e143,67a617a92e3289c73159b1681fc6e143.info,bamital
dga,ekmtnmompmwwxuu,ekmtnmompmwwxuu.ru,cryptolocker
dga,fbotvdksvcxef,fbotvdksvcxef.ru,cryptolocker
dga,1vxznov16031kjxneqjk1rtofi6,1vxznov16031kjxneqjk1rtofi6.org,newgoz
dga,dkhbsnyimjskrea,dkhbsnyimjskrea.ru,cryptolocker
dga,4ec59571ae3503537f6ca1286e9e9237,4ec59571ae3503537f6ca1286e9e9237.cz.cc,bamital
dga,1wb9y74dc4akny669tm1rvzkyi,1wb9y74dc4akny669tm1rvzkyi.biz,gameoverdga
dga,f9a5c9d66cf3a13dfeb08196db2bd8c1,f9a5c9d66cf3a13dfeb08196db2bd8c1.org,bamital
dga,843a5b5f8887ad6a1cff57b4ff16d7d7,843a5b5f8887ad6a1cff57b4ff16d7d7.co.cc,bamital
dga,vmsupfgfguqgn,vmsupfgfguqgn.ru,cryptolocker
dga,ljyfiwasschpi,ljyfiwasschpi.ru,cryptolocker
dga,unvtjbd,unvtjbd.net,necurs
dga,vksokvmdpgkiwfn,vksokvmdpgkiwfn.ru,cryptolocker
dga,9d9e560e1ecd37e14548633eeb8dac15,9d9e560e1ecd37e14548633eeb8dac15.co.cc,bamital
dga,18k3ntqt4674a1wggz6k113gwnu,18k3ntqt4674a1wggz6k113gwnu.com,gameoverdga
dga,wjdrnaedigefl,wjdrnaedigefl.su,necurs
dga,hyrphsnjsdqtt,hyrphsnjsdqtt.ru,cryptolocker
dga,agkysjqderstxk,agkysjqderstxk.ru,cryptolocker
dga,exmnqnmyxrdglh,exmnqnmyxrdglh.ru,cryptolocker
dga,ajwydhlkjtbyl,ajwydhlkjtbyl.ru,cryptolocker
dga,fqiphuibrwuee,fqiphuibrwuee.org,necurs
dga,1jrksb1pr70zrkdspxqreszpj,1jrksb1pr70zrkdspxqreszpj.com,newgoz
dga,phptrlghendhvqxbaugm,phptrlghendhvqxbaugm.biz,necurs
dga,phitegnucetdk,phitegnucetdk.ru,cryptolocker
dga,k94a541bzk1nrmqx4ls1ovcdpy,k94a541bzk1nrmqx4ls1ovcdpy.com,gameoverdga
dga,ywhbbsvhmhxcsa,ywhbbsvhmhxcsa.ru,cryptolocker
dga,felayfmjblhqfmqgbmfp,felayfmjblhqfmqgbmfp.ru,goz
dga,ggytfnjtqxsgnuwg,ggytfnjtqxsgnuwg.co,necurs
dga,v450yv2du7v013i3wyg1eh0wpi,v450yv2du7v013i3wyg1eh0wpi.biz,gameoverdga
dga,13a041108746c21dfaf2f9c68632ed37,13a041108746c21dfaf2f9c68632ed37.info,bamital
dga,xoc6oer8zy1e66c8yac8mjon,xoc6oer8zy1e66c8yac8mjon.biz,newgoz
dga,oumdajldeaken,oumdajldeaken.ru,cryptolocker
dga,nhskd3luyzed1tp57yo53s9it,nhskd3luyzed1tp57yo53s9it.org,newgoz
dga,eugkjkigrvvgp,eugkjkigrvvgp.ru,cryptolocker
dga,qqpqtiwefjjow,qqpqtiwefjjow.ru,cryptolocker
dga,gadiwsjrjrnrhdqxxsscpzskkrvspv,gadiwsjrjrnrhdqxxsscpzskkrvspv.ru,goz
dga,nnrkqcpwnuwr,nnrkqcpwnuwr.info,cryptolocker
dga,a213609792b791e1e98efaffca02d43c,a213609792b791e1e98efaffca02d43c.cz.cc,bamital
dga,geplvffbaxsjbvbvrbne,geplvffbaxsjbvbvrbne.me,necurs
dga,1ts0ygo15p4wmvf51ccm1jo2viq,1ts0ygo15p4wmvf51ccm1jo2viq.net,newgoz
dga,hblbqkqkbugmqozheyxwgspytiv,hblbqkqkbugmqozheyxwgspytiv.ru,goz
dga,unkvxhxvvdgbue,unkvxhxvvdgbue.ru,cryptolocker
dga,noskoejsbavlnhe,noskoejsbavlnhe.ru,cryptolocker
dga,pkugmxompdwets,pkugmxompdwets.ru,cryptolocker
dga,gdmwemncefxcyd,gdmwemncefxcyd.ru,cryptolocker
dga,bjlqddxomfpvsf,bjlqddxomfpvsf.ru,cryptolocker
dga,smnrgldgkopbd,smnrgldgkopbd.ru,cryptolocker
dga,1edrt8c1iizwxkklalge13ffz8c,1edrt8c1iizwxkklalge13ffz8c.com,newgoz
dga,csmtjpxeytoms,csmtjpxeytoms.ru,cryptolocker
dga,gayq7o1ui3wdlczbgga1gkjqsb,gayq7o1ui3wdlczbgga1gkjqsb.org,gameoverdga
dga,yxjaiftnhiej,yxjaiftnhiej.ru,cryptolocker
dga,kg8zao50wkbz4pqy0516900fm,kg8zao50wkbz4pqy0516900fm.com,newgoz
dga,qpsadqxxkunc,qpsadqxxkunc.ru,cryptolocker
dga,kwsh6c1h9jw7zh0ytjpi45c4g,kwsh6c1h9jw7zh0ytjpi45c4g.com,gameoverdga
dga,kaifrjqlvysapio,kaifrjqlvysapio.ru,cryptolocker
dga,07cd5ad202e60792ea74f9fe9cb00854,07cd5ad202e60792ea74f9fe9cb00854.cz.cc,bamital
dga,1hw14fx1ppw3p51ucmhu01xbw40y,1hw14fx1ppw3p51ucmhu01xbw40y.net,gameoverdga
dga,vjhwgylrfibvu,vjhwgylrfibvu.ru,cryptolocker
dga,thcwactmkulrio,thcwactmkulrio.net,cryptolocker
dga,ceys4p1pm630y11zrd9w13z8vv,ceys4p1pm630y11zrd9w13z8vv.com,newgoz
dga,vgsbfvvwmkxa,vgsbfvvwmkxa.ru,cryptolocker
dga,amibxnlhfbyor,amibxnlhfbyor.ru,cryptolocker
dga,pilvadxkdmiplwy,pilvadxkdmiplwy.mx,necurs
dga,forhnmgsjakn,forhnmgsjakn.ru,cryptolocker
dga,0991ec3603336998843bf65d193fbff7,0991ec3603336998843bf65d193fbff7.info,bamital
dga,fovwjvsqcajjud,fovwjvsqcajjud.ru,cryptolocker
dga,hkscoroycmlbb,hkscoroycmlbb.ru,cryptolocker
dga,40b93f00ef1a17ccc5d837d5df53e96b,40b93f00ef1a17ccc5d837d5df53e96b.info,bamital
dga,gbxqkqtiiyyogii,gbxqkqtiiyyogii.ru,cryptolocker
dga,19dc4repbnwhv102m9fdxrbq6t,19dc4repbnwhv102m9fdxrbq6t.net,newgoz
dga,vjxvrs1kdcr3y10sqlsx1ia23rs,vjxvrs1kdcr3y10sqlsx1ia23rs.org,newgoz
dga,ulumlkvcvtyv,ulumlkvcvtyv.ru,cryptolocker
dga,a9f4dc174451a451d142a0207e8d65d2,a9f4dc174451a451d142a0207e8d65d2.org,bamital
dga,rlqnnhkpmkrwjf,rlqnnhkpmkrwjf.ru,cryptolocker
dga,dycobgahogvynnovoq,dycobgahogvynnovoq.cx,necurs
dga,rlqmodhpdqivtgg,rlqmodhpdqivtgg.ru,cryptolocker
dga,hrvmgnljxlyvba,hrvmgnljxlyvba.biz,cryptolocker
dga,cloudpeace,cloudpeace.net,nivdort
dga,kgjndwhxwhtx,kgjndwhxwhtx.ru,cryptolocker
dga,ivroychpmcplcmonw,ivroychpmcplcmonw.su,necurs
dga,324ab479fbf2ef7ecf485ea7ad54495f,324ab479fbf2ef7ecf485ea7ad54495f.org,bamital
dga,pofofzttoeukvkjojlzprhqtxogiro,pofofzttoeukvkjojlzprhqtxogiro.ru,goz
dga,rkdiwpyhrsdizlucxskbl,rkdiwpyhrsdizlucxskbl.ru,goz
dga,hangimportant,hangimportant.net,nivdort
dga,1hcr1hrghz5vfnrdyfekf6i7g,1hcr1hrghz5vfnrdyfekf6i7g.com,gameoverdga
dga,mxwqjlntpgwyofw,mxwqjlntpgwyofw.ru,cryptolocker
dga,bvkmtvtafoaw,bvkmtvtafoaw.co.uk,cryptolocker
dga,ovoekbexocgpo,ovoekbexocgpo.ru,cryptolocker
dga,qodghefrkcdckrb,qodghefrkcdckrb.sx,necurs
dga,kse62su5hkzlbyeouk19jtga1,kse62su5hkzlbyeouk19jtga1.biz,newgoz
dga,a30a69f3123655fdc701cf7f0a874f21,a30a69f3123655fdc701cf7f0a874f21.info,bamital
dga,uujaiwypijvjpk,uujaiwypijvjpk.ru,cryptolocker
dga,10rcb3x1st75dk1xj924bspfv4e,10rcb3x1st75dk1xj924bspfv4e.biz,newgoz
dga,88f1e3204afa221713a7cb05ecc5bb17,88f1e3204afa221713a7cb05ecc5bb17.co.cc,bamital
dga,scicqnbtyhmjrgphqeyrosk,scicqnbtyhmjrgphqeyrosk.ru,goz
dga,ukveeidklsmpiiv,ukveeidklsmpiiv.ru,cryptolocker
dga,7hst1sgriyt01rpd5h019dfryy,7hst1sgriyt01rpd5h019dfryy.net,gameoverdga
dga,vovydxuwcmr,vovydxuwcmr.com,necurs
dga,1okfi9z1afc63y1r989x6165m1me,1okfi9z1afc63y1r989x6165m1me.com,gameoverdga
dga,oi5fqt4quenr1qbfwcyuluf6q,oi5fqt4quenr1qbfwcyuluf6q.biz,newgoz
dga,nohthuqmkkpwyy,nohthuqmkkpwyy.ru,cryptolocker
dga,djfhmuxwauhv,djfhmuxwauhv.ru,cryptolocker
dga,rdaxpnwkxvmxhf,rdaxpnwkxvmxhf.ru,cryptolocker
dga,090da93e8f19607b25a5782cf2d1b022,090da93e8f19607b25a5782cf2d1b022.org,bamital
dga,ssslphgfngwf,ssslphgfngwf.org,cryptolocker
dga,1drh658htxj1lupy3ln0aya,1drh658htxj1lupy3ln0aya.com,newgoz
dga,qarbsrkjxevtg,qarbsrkjxevtg.ru,cryptolocker
dga,nhxhnhbgsppy,nhxhnhbgsppy.ru,cryptolocker
dga,musicheight,musicheight.net,nivdort
dga,ljlcmgmqcnid,ljlcmgmqcnid.ru,cryptolocker
dga,lubsyuobfwabspo,lubsyuobfwabspo.ru,cryptolocker
dga,cbnshrqygdjxfln,cbnshrqygdjxfln.ru,cryptolocker
dga,irbyhekfcqfqojypderrchmzxgfu,irbyhekfcqfqojypderrchmzxgfu.ru,goz
dga,vvyjixfugrtlf,vvyjixfugrtlf.ru,cryptolocker
dga,khpglguwlkryqg,khpglguwlkryqg.ru,cryptolocker
dga,e3ac65d0410ce7d93216bc952d0dbbb3,e3ac65d0410ce7d93216bc952d0dbbb3.co.cc,bamital
dga,lthmqglxwmrwex,lthmqglxwmrwex.ru,cryptolocker
dga,mqmowbrppuuhfdb,mqmowbrppuuhfdb.com,cryptolocker
dga,328918d40ec6a179a5008eceaf70efa6,328918d40ec6a179a5008eceaf70efa6.cz.cc,bamital
dga,ueqgkfdxateewn,ueqgkfdxateewn.ru,cryptolocker
dga,mimgqssthkty,mimgqssthkty.com,cryptolocker
dga,myuibfhiaonhrh,myuibfhiaonhrh.ru,cryptolocker
dga,sicklady,sicklady.net,nivdort
dga,jlssrusbkuvsacv,jlssrusbkuvsacv.sc,necurs
dga,waljutcnlsaeoscrim,waljutcnlsaeoscrim.co,necurs
dga,arivehurt,arivehurt.net,nivdort
dga,withdish,withdish.net,nivdort
dga,hlegxtbtpmsuaxix,hlegxtbtpmsuaxix.ir,necurs
dga,h5hdz65gye1k1visftg1tkyaaf,h5hdz65gye1k1visftg1tkyaaf.net,newgoz
dga,basihewtnxesfbh,basihewtnxesfbh.cx,necurs
dga,atunusdslnkygra,atunusdslnkygra.ru,cryptolocker
dga,guaqdcuvcxlaqnvgmciqswgrwnbnj,guaqdcuvcxlaqnvgmciqswgrwnbnj.ru,goz
dga,obhgymfupxstoegdmupemc,obhgymfupxstoegdmupemc.ru,goz
dga,c46e21d998f8e81a593b1dbcb2c4ae0d,c46e21d998f8e81a593b1dbcb2c4ae0d.cz.cc,bamital
dga,hbfskdrmwywmx,hbfskdrmwywmx.org,cryptolocker
dga,63a00cae49717ddd0940b094adfbd621,63a00cae49717ddd0940b094adfbd621.org,bamital
dga,6814e1e7fe98227f2233e38238e4b6d9,6814e1e7fe98227f2233e38238e4b6d9.co.cc,bamital
dga,7j7h48ctm53hzcvgx71mc241b,7j7h48ctm53hzcvgx71mc241b.com,newgoz
dga,arivesure,arivesure.net,nivdort
dga,8c4cej1mt0vv7xghada1ay7hk6,8c4cej1mt0vv7xghada1ay7hk6.net,gameoverdga
dga,roivtlrhsqgwgssgvcibkvxaiuk,roivtlrhsqgwgssgvcibkvxaiuk.ru,goz
dga,vglcauvupmpcjj,vglcauvupmpcjj.biz,cryptolocker
dga,skbljxyomaum,skbljxyomaum.ru,cryptolocker
dga,h7zxr560xfcnt53ybzkvy73d,h7zxr560xfcnt53ybzkvy73d.biz,newgoz
dga,ymxppgnlnqssxj,ymxppgnlnqssxj.ru,cryptolocker
dga,17tqs7hrc1ks41r9pshh3y85e5,17tqs7hrc1ks41r9pshh3y85e5.net,gameoverdga
dga,mvdqyvicufag,mvdqyvicufag.cx,necurs
dga,pmfynbgbwppciysqrwc,pmfynbgbwppciysqrwc.biz,necurs
dga,mhwbaxuggqljvrq,mhwbaxuggqljvrq.ru,cryptolocker
dga,55ae8qhddft61ou1pz0164s09f,55ae8qhddft61ou1pz0164s09f.org,newgoz
dga,lookloud,lookloud.net,nivdort
dga,faydvgvrjxff,faydvgvrjxff.ru,cryptolocker
dga,ed367feca98463b635311beb7bbcafa1,ed367feca98463b635311beb7bbcafa1.org,bamital
dga,i8pyn57o8pkx1mjx16bfxsi9e,i8pyn57o8pkx1mjx16bfxsi9e.com,gameoverdga
dga,mylpeiieyigq,mylpeiieyigq.com,cryptolocker
dga,frnpibwgoswh,frnpibwgoswh.ru,cryptolocker
dga,btoovqsxlmlkgb,btoovqsxlmlkgb.mx,necurs
dga,oepanqkudxvnbk,oepanqkudxvnbk.ru,cryptolocker
dga,up8qmq1vbyows1y8do6d9zbul,up8qmq1vbyows1y8do6d9zbul.org,gameoverdga
dga,lbcpgbdpoala,lbcpgbdpoala.org,cryptolocker
dga,ny9lgxo4dss115eh8nt1mn7kyw,ny9lgxo4dss115eh8nt1mn7kyw.net,gameoverdga
dga,wxavrvpqwxgqqpr,wxavrvpqwxgqqpr.ru,cryptolocker
dga,srqgunxbhlhdsw,srqgunxbhlhdsw.ru,cryptolocker
dga,drktaxawbjvlt,drktaxawbjvlt.ru,cryptolocker
dga,sickhand,sickhand.net,nivdort
dga,gg04jf8nw38g1gycfkn19rilmg,gg04jf8nw38g1gycfkn19rilmg.org,newgoz
dga,gnpcuseginswtl,gnpcuseginswtl.sc,necurs
dga,e74gy61ii122415gqqy214mhd9e,e74gy61ii122415gqqy214mhd9e.com,newgoz
dga,otbuepgfjygxs,otbuepgfjygxs.ru,cryptolocker
dga,tudwdwvejgeoquufffqc,tudwdwvejgeoquufffqc.xxx,necurs
dga,wc08jo67jvmn1qmx84p1hnld6f,wc08jo67jvmn1qmx84p1hnld6f.com,gameoverdga
dga,wsbwkvmrfsexq,wsbwkvmrfsexq.ru,cryptolocker
dga,pgaundxxvfavhyj,pgaundxxvfavhyj.ru,cryptolocker
dga,madefine,madefine.net,nivdort
dga,gscfmlbynncb,gscfmlbynncb.ru,cryptolocker
dga,f9f3dlhrqnernnmjw3grqrev,f9f3dlhrqnernnmjw3grqrev.org,gameoverdga
dga,10vnyko1wuvnc6mgy10figs3so,10vnyko1wuvnc6mgy10figs3so.com,gameoverdga
dga,156a12869a1ba6cac94b53e46a5fa6fa,156a12869a1ba6cac94b53e46a5fa6fa.info,bamital
dga,emjtngnofbny,emjtngnofbny.ru,cryptolocker
dga,urrkunogmoyjrv,urrkunogmoyjrv.ru,cryptolocker
dga,triedfloor,triedfloor.net,nivdort
dga,1wy3qq58siqqwezohjee4z4lz,1wy3qq58siqqwezohjee4z4lz.com,gameoverdga
dga,fvahwafvddmw,fvahwafvddmw.ru,cryptolocker
dga,1xoskj61vmu50f1nnrud21aphtji,1xoskj61vmu50f1nnrud21aphtji.net,newgoz
dga,egtfacvrhwseegu,egtfacvrhwseegu.ru,cryptolocker
dga,xdoflxjispncikd,xdoflxjispncikd.ru,cryptolocker
dga,afrbwtkttpxrbpxlbomp,afrbwtkttpxrbpxlbomp.net,necurs
dga,dreamopen,dreamopen.net,nivdort
dga,orollcrnpvfd,orollcrnpvfd.ru,cryptolocker
dga,svxfkefchhycu,svxfkefchhycu.ru,cryptolocker
dga,ajvwvxedxsptd,ajvwvxedxsptd.ru,cryptolocker
dga,auldddlguyipsv,auldddlguyipsv.com,cryptolocker
dga,xealquduybbmy,xealquduybbmy.ru,cryptolocker
dga,6uwvg11s4pc8mef3sj1ws4bmy,6uwvg11s4pc8mef3sj1ws4bmy.biz,newgoz
dga,etfidsvhyinsnr,etfidsvhyinsnr.ru,cryptolocker
dga,iocxjxffxyfnejt,iocxjxffxyfnejt.com,cryptolocker
dga,mjvxijygrdvvnq,mjvxijygrdvvnq.ru,cryptolocker
dga,njgirsinbiiih,njgirsinbiiih.ru,cryptolocker
dga,ynkqbdqldurpq,ynkqbdqldurpq.ru,cryptolocker
dga,04655d8cac2f6365935fb07dd1ccc1fb,04655d8cac2f6365935fb07dd1ccc1fb.co.cc,bamital
dga,buprfkptjydym,buprfkptjydym.ru,cryptolocker
dga,16353c31af572594747d77babfa4edc0,16353c31af572594747d77babfa4edc0.org,bamital
dga,oqyyvagijhvly,oqyyvagijhvly.net,cryptolocker
dga,veygwjtrbwqqo,veygwjtrbwqqo.ru,cryptolocker
dga,60ee2c804837e72983b33cb61763cc1f,60ee2c804837e72983b33cb61763cc1f.cz.cc,bamital
dga,muyotgmnxfdvuoiaomw,muyotgmnxfdvuoiaomw.nu,necurs
dga,cdbkbsxtsvyoo,cdbkbsxtsvyoo.ru,cryptolocker
dga,pbldyrqwyicuxr,pbldyrqwyicuxr.net,cryptolocker
dga,fgraoikvjljfre,fgraoikvjljfre.ru,cryptolocker
dga,hbudmbqgpmbvklscmfgde,hbudmbqgpmbvklscmfgde.ru,goz
dga,aqhaeamftkdcapprqsucpr,aqhaeamftkdcapprqsucpr.ru,goz
dga,p51404ozbcy11283t891svrx1a,p51404ozbcy11283t891svrx1a.org,newgoz
dga,1ajqdvq1ub3bc1r5ufpf1lmyt5x,1ajqdvq1ub3bc1r5ufpf1lmyt5x.com,gameoverdga
dga,vxnosiooruhj,vxnosiooruhj.net,cryptolocker
dga,1ygdkfh19hryve18cculnb43se0,1ygdkfh19hryve18cculnb43se0.net,gameoverdga
dga,1kt5gafe0jg1m1a4qlt010tzk7g,1kt5gafe0jg1m1a4qlt010tzk7g.com,gameoverdga
dga,yqnbwbbkpmm,yqnbwbbkpmm.jp,necurs
dga,thisheat,thisheat.net,nivdort
dga,lvomusdrmffmdtf,lvomusdrmffmdtf.ru,cryptolocker
dga,rockscene,rockscene.net,nivdort
dga,8b4bb5800e8095fd927163cd5781c480,8b4bb5800e8095fd927163cd5781c480.info,bamital
dga,a2d41534d1b822bac795f0850629c334,a2d41534d1b822bac795f0850629c334.info,bamital
dga,gjpaoyygjoxp,gjpaoyygjoxp.ru,cryptolocker
dga,5ke1jrrepmux17ijgiyvc6klg,5ke1jrrepmux17ijgiyvc6klg.biz,newgoz
dga,utxlusktkwexqyj,utxlusktkwexqyj.ru,cryptolocker
dga,gqvjplrboh,gqvjplrboh.cx,necurs
dga,gwbyfdmdgjjhe,gwbyfdmdgjjhe.co.uk,cryptolocker
dga,drinkprice,drinkprice.net,nivdort
dga,flqnvntrkete,flqnvntrkete.ru,cryptolocker
dga,bcmzty14oq3411gelffg1o7j011,bcmzty14oq3411gelffg1o7j011.com,gameoverdga
dga,xgxuvhgwwyvdl,xgxuvhgwwyvdl.ru,cryptolocker
dga,3ab5615fa5184f6cff6d97ee41b8f8d9,3ab5615fa5184f6cff6d97ee41b8f8d9.cz.cc,bamital
dga,8a40590fd36a5bf80672378eb7a6bb49,8a40590fd36a5bf80672378eb7a6bb49.cz.cc,bamital
dga,212ac11c73b1202a308ad444e5202dea,212ac11c73b1202a308ad444e5202dea.org,bamital
dga,yardfool,yardfool.net,nivdort
dga,7de188fa9ce3220bedae0b7a1d5fb48f,7de188fa9ce3220bedae0b7a1d5fb48f.cz.cc,bamital
dga,jumpfool,jumpfool.net,nivdort
dga,phfunajqimhmc,phfunajqimhmc.ru,cryptolocker
dga,mostnoise,mostnoise.net,nivdort
dga,jfkntxcdtolcqcifahmswvsxto,jfkntxcdtolcqcifahmswvsxto.ru,goz
dga,qcqtzdpreugmjflzpjvovzxpj,qcqtzdpreugmjflzpjvovzxpj.ru,goz
dga,7ec056269642faca546ee17f0005516b,7ec056269642faca546ee17f0005516b.co.cc,bamital
dga,0fd746760925e65eb191bde77f998583,0fd746760925e65eb191bde77f998583.info,bamital
dga,uwfspwxtdtcrt,uwfspwxtdtcrt.ru,cryptolocker
dga,kcklwlakeprirh,kcklwlakeprirh.com,cryptolocker
dga,hmrjovsrcjtwtf,hmrjovsrcjtwtf.net,cryptolocker
dga,ayhod81wn0www8hx69r4xrc67,ayhod81wn0www8hx69r4xrc67.biz,gameoverdga
dga,southstood,southstood.net,nivdort
dga,lqkesvtmuakw,lqkesvtmuakw.cm,necurs
dga,8aw7r415c7wmd1rmq6ewhmeyf3,8aw7r415c7wmd1rmq6ewhmeyf3.com,newgoz
dga,cuysnlglyfqusmv,cuysnlglyfqusmv.ru,cryptolocker
dga,mfumehmxooyep,mfumehmxooyep.ru,cryptolocker
dga,108p7gk1f6jhgr1vf0kbsnqdbwr,108p7gk1f6jhgr1vf0kbsnqdbwr.org,gameoverdga
dga,yjugpvrdafrn,yjugpvrdafrn.ru,cryptolocker
dga,fkvbfyrkkeruusy,fkvbfyrkkeruusy.ru,cryptolocker
dga,wishkind,wishkind.net,nivdort
dga,j01jsv16wum5w1cremnr1i5j0il,j01jsv16wum5w1cremnr1i5j0il.com,newgoz
dga,133ixtv1cf0ept28eita16ada5f,133ixtv1cf0ept28eita16ada5f.org,newgoz
dga,hrfctwglidu,hrfctwglidu.co,necurs
dga,cnvbbymupmatdhg,cnvbbymupmatdhg.ru,cryptolocker
dga,8db6cd1e411807eb60f981456623b8b4,8db6cd1e411807eb60f981456623b8b4.info,bamital
dga,trdgwlpkfjicafdswbu,trdgwlpkfjicafdswbu.cx,necurs
dga,sicksince,sicksince.net,nivdort
dga,tvlggttaypybkwk,tvlggttaypybkwk.ru,cryptolocker
dga,gladjuly,gladjuly.net,nivdort
dga,oybvvnwimdhx,oybvvnwimdhx.ru,cryptolocker
dga,yardcome,yardcome.net,nivdort
dga,1hpxwss1ubic2h1f4t71n527mwk,1hpxwss1ubic2h1f4t71n527mwk.biz,newgoz
dga,csgdvcdrtrsoki,csgdvcdrtrsoki.ru,cryptolocker
dga,huzplswnrfmpjbqrgnhiineiwoij,huzplswnrfmpjbqrgnhiineiwoij.ru,goz
dga,gfktbpqmthoqh,gfktbpqmthoqh.ru,cryptolocker
dga,grsfalsvadpbikg,grsfalsvadpbikg.org,necurs
dga,southfood,southfood.net,nivdort
dga,1th1rqs15uwj08180yfu213civwp,1th1rqs15uwj08180yfu213civwp.net,gameoverdga
dga,2xwxncxi3jvwtvwpe0hecp6u,2xwxncxi3jvwtvwpe0hecp6u.net,newgoz
dga,hfkdxvomvgpxeok,hfkdxvomvgpxeok.ru,cryptolocker
dga,1vx4h32kpl3nlh8ipw4927ta3,1vx4h32kpl3nlh8ipw4927ta3.net,gameoverdga
dga,kgvmmylyflrqml,kgvmmylyflrqml.ru,cryptolocker
dga,uponmoon,uponmoon.net,nivdort
dga,ikhduuetkasfasd,ikhduuetkasfasd.ru,cryptolocker
dga,xiuyyvfbecopac,xiuyyvfbecopac.ru,cryptolocker
dga,1wj5zbc197kktiu1pv8qgrxuzr,1wj5zbc197kktiu1pv8qgrxuzr.com,newgoz
dga,91e7c8f4b6c8ac93061aa5e385acf672,91e7c8f4b6c8ac93061aa5e385acf672.co.cc,bamital
dga,modpk6hkxym41ry7eucyv5psr,modpk6hkxym41ry7eucyv5psr.com,newgoz
dga,xdosiupocrft,xdosiupocrft.ru,cryptolocker
dga,dkfhkcatanpl,dkfhkcatanpl.ru,cryptolocker
dga,udqfjawqwtomqkg,udqfjawqwtomqkg.ru,cryptolocker
dga,a4e1ba932ecd1fd987f0ed40d6074b5e,a4e1ba932ecd1fd987f0ed40d6074b5e.info,bamital
dga,bozdgmekzxonjvshqbugywcayjvzd,bozdgmekzxonjvshqbugywcayjvzd.ru,goz
dga,rockride,rockride.net,nivdort
dga,qsdaypnxgutoscwksvoduerwlv,qsdaypnxgutoscwksvoduerwlv.ru,goz
dga,dfjpnpvmfgbb,dfjpnpvmfgbb.ru,cryptolocker
dga,vtxqkcsptokcb,vtxqkcsptokcb.mx,necurs
dga,kbabrtlrnkylh,kbabrtlrnkylh.ru,cryptolocker
dga,gexylvyiiovylbw,gexylvyiiovylbw.ru,cryptolocker
dga,a44fdca30e32f784fccdcb75cf368811,a44fdca30e32f784fccdcb75cf368811.cz.cc,bamital
dga,gidctvpgji,gidctvpgji.so,necurs
dga,lgwbqmrqfykpjv,lgwbqmrqfykpjv.ru,cryptolocker
dga,yxuoypgefakvxsgiizscuwlhae,yxuoypgefakvxsgiizscuwlhae.ru,goz
dga,1h956r71e1o10219yzyiq1cb9zoi,1h956r71e1o10219yzyiq1cb9zoi.com,gameoverdga
dga,hejaearketqqxa,hejaearketqqxa.ru,cryptolocker
dga,tbeayssltcusvcgebivohmep,tbeayssltcusvcgebivohmep.ru,goz
dga,wkfwjuyfjywtkd,wkfwjuyfjywtkd.ru,cryptolocker
dga,mymtrepsojviic,mymtrepsojviic.ru,cryptolocker
dga,1ozsk5qll8k9zffte2u16u7vpu,1ozsk5qll8k9zffte2u16u7vpu.biz,newgoz
dga,krcudlqlpujdkthoqhw,krcudlqlpujdkthoqhw.cm,necurs
dga,feltbreak,feltbreak.net,nivdort
dga,qkkxgedemxhrkw,qkkxgedemxhrkw.ru,cryptolocker
dga,xnxpkchsuwqlclaqc,xnxpkchsuwqlclaqc.pro,necurs
dga,septemberseven,septemberseven.net,nivdort
dga,naeeuygehujrglduiorkaqp,naeeuygehujrglduiorkaqp.ru,goz
dga,feoupxhbvprmig,feoupxhbvprmig.cm,necurs
dga,vcmhafjqmndugcr,vcmhafjqmndugcr.ru,cryptolocker
dga,xtaydigeantpb,xtaydigeantpb.ru,cryptolocker
dga,cyawjulaosdwqfl,cyawjulaosdwqfl.co.uk,cryptolocker
dga,odcgctwvipvajh,odcgctwvipvajh.ms,necurs
dga,hbinbynod4ic16m867i2vbahj,hbinbynod4ic16m867i2vbahj.com,newgoz
dga,yardpage,yardpage.net,nivdort
dga,wifelate,wifelate.net,nivdort
dga,qh4sbef5nuw3sc5eabaxizm5,qh4sbef5nuw3sc5eabaxizm5.org,newgoz
dga,eehdweugwwutgwnwabeun,eehdweugwwutgwnwabeun.sc,necurs
dga,sraqanorwnamdr,sraqanorwnamdr.ru,cryptolocker
dga,zel5ekr611zntko7k81k7hmt6,zel5ekr611zntko7k81k7hmt6.com,gameoverdga
dga,gkm9yf1kbq3oztzv49tcclbl5,gkm9yf1kbq3oztzv49tcclbl5.net,newgoz
dga,4rrjwg1ajdc6zfesf9w23oq5v,4rrjwg1ajdc6zfesf9w23oq5v.com,newgoz
dga,zy7qzdbg2tk49gk15sm0angh,zy7qzdbg2tk49gk15sm0angh.org,newgoz
dga,1ng6ew18tyo7l1wuezc01ik73sx,1ng6ew18tyo7l1wuezc01ik73sx.biz,newgoz
dga,w1hv7t10b3oveo7u7nrrja7st,w1hv7t10b3oveo7u7nrrja7st.com,gameoverdga
dga,b7b5c5f8ba3a419b6a2c7d391a169785,b7b5c5f8ba3a419b6a2c7d391a169785.info,bamital
dga,uxkrmvknzhqkpvjzpzuwhljrkvc,uxkrmvknzhqkpvjzpzuwhljrkvc.ru,goz
dga,8501ef78ef5d92d3705073acdaec9db4,8501ef78ef5d92d3705073acdaec9db4.org,bamital
dga,xlyypsqbcbdh,xlyypsqbcbdh.in,necurs
dga,dxptmhbsivkm,dxptmhbsivkm.co.uk,cryptolocker
dga,1p80wxy1jylrbv1te9fvqihunym,1p80wxy1jylrbv1te9fvqihunym.com,newgoz
dga,gcyljrvl6xdc1fcim981voqapg,gcyljrvl6xdc1fcim981voqapg.com,gameoverdga
dga,ikfsvoubltbclc,ikfsvoubltbclc.ru,cryptolocker
dga,wsqepejfquotmlfl,wsqepejfquotmlfl.co,necurs
dga,w3y4z91qsqg0t1clepcq1qyubcd,w3y4z91qsqg0t1clepcq1qyubcd.biz,newgoz
dga,dreampage,dreampage.net,nivdort
dga,gugcaxgwlhefbqfgja,gugcaxgwlhefbqfgja.cx,necurs
dga,ixywvfmfwskawn,ixywvfmfwskawn.ru,cryptolocker
dga,riiuvsxuchdaxmx,riiuvsxuchdaxmx.ru,cryptolocker
dga,xlyeyjhnjipovut,xlyeyjhnjipovut.ru,cryptolocker
dga,whmalfqxnrxo,whmalfqxnrxo.ru,cryptolocker
dga,musicshow,musicshow.net,nivdort
dga,sundayslow,sundayslow.net,nivdort
dga,mbyhfysivwxmr,mbyhfysivwxmr.biz,cryptolocker
dga,kcix831h0r26h1j5ybf9c91ki9,kcix831h0r26h1j5ybf9c91ki9.net,gameoverdga
dga,cwkzlcuthxgqgxgrwhkvfy,cwkzlcuthxgqgxgrwhkvfy.ru,goz
dga,gladoctover,gladoctover.net,nivdort
dga,rockfine,rockfine.net,nivdort
dga,otqknywqcrmtsdb,otqknywqcrmtsdb.ru,cryptolocker
dga,e1caf8f3e1d2a2ff0f65884ce942bdcf,e1caf8f3e1d2a2ff0f65884ce942bdcf.co.cc,bamital
dga,rockthey,rockthey.net,nivdort
dga,1z0lum919oa7dz1mkygrl1m8dmlz,1z0lum919oa7dz1mkygrl1m8dmlz.net,newgoz
dga,offerhello,offerhello.net,nivdort
dga,eoybvc1mvsjl1q3npoex8gkip,eoybvc1mvsjl1q3npoex8gkip.com,newgoz
dga,mostpast,mostpast.net,nivdort
dga,ftpyehupitwwo,ftpyehupitwwo.ru,cryptolocker
dga,lordlight,lordlight.net,nivdort
dga,aybswhnbdpudrs,aybswhnbdpudrs.ru,cryptolocker
dga,mfmcbajlhddvuw,mfmcbajlhddvuw.ru,cryptolocker
dga,264adedb37e924fb2147e9b14d340b78,264adedb37e924fb2147e9b14d340b78.org,bamital
dga,2fffa5274962ff4514656279327ca02a,2fffa5274962ff4514656279327ca02a.co.cc,bamital
dga,vqcceveymewaw,vqcceveymewaw.ru,cryptolocker
dga,kwyrvwqjvcoxd,kwyrvwqjvcoxd.ru,cryptolocker
dga,uponfool,uponfool.net,nivdort
dga,23c6c55333389655e8b56ca5add8a60b,23c6c55333389655e8b56ca5add8a60b.info,bamital
dga,swicliupfclvtf,swicliupfclvtf.ru,cryptolocker
dga,oorbtiftatuxjq,oorbtiftatuxjq.ru,cryptolocker
dga,ysqoylrlhnovsr,ysqoylrlhnovsr.info,cryptolocker
dga,1letcje13m6lk8fpjo5a1dhtiol,1letcje13m6lk8fpjo5a1dhtiol.biz,gameoverdga
dga,vpvuaconbohvsdh,vpvuaconbohvsdh.ru,cryptolocker
dga,hangcount,hangcount.net,nivdort
dga,d2b4fd3c9c806ffc022d401a6438a12c,d2b4fd3c9c806ffc022d401a6438a12c.co.cc,bamital
dga,rockearth,rockearth.net,nivdort
dga,nyvccjxpemjku,nyvccjxpemjku.ru,cryptolocker
dga,whjulvqbdyniibg,whjulvqbdyniibg.sh,necurs
dga,gpkfcckneuvx,gpkfcckneuvx.ru,cryptolocker
dga,orpdauwsadjang,orpdauwsadjang.mn,necurs
dga,pyonyuhttdljr,pyonyuhttdljr.ru,cryptolocker
dga,8xqeu31o9lxtbdhs3ep1jtt9r1,8xqeu31o9lxtbdhs3ep1jtt9r1.com,newgoz
dga,dexfrerwsqgp,dexfrerwsqgp.ru,cryptolocker
dga,pruwjbbehlzydawxgwuocaau,pruwjbbehlzydawxgwuocaau.ru,goz
dga,tkzmhp15matdi10ihgkf1oqs15m,tkzmhp15matdi10ihgkf1oqs15m.biz,newgoz
dga,uxcaoamlvgwnysia,uxcaoamlvgwnysia.sx,necurs
dga,x3o976z1hn9xjd30f9qdkfqg,x3o976z1hn9xjd30f9qdkfqg.biz,newgoz
dga,yruwvkbnekfnoj,yruwvkbnekfnoj.ru,cryptolocker
dga,1k7sp8x19ffxy71dgt52owxsyqx,1k7sp8x19ffxy71dgt52owxsyqx.com,newgoz
dga,djlxuedgvhkkwh,djlxuedgvhkkwh.com,cryptolocker
dga,lrswcoljdnjvkswacyddife,lrswcoljdnjvkswacyddife.ru,goz
dga,900mc31ef01c6l7k62tzv9twm,900mc31ef01c6l7k62tzv9twm.net,newgoz
dga,u5msm01tzu0g51ley1qkdn2hf2,u5msm01tzu0g51ley1qkdn2hf2.org,gameoverdga
dga,phbgtaxwcbuh,phbgtaxwcbuh.ru,cryptolocker
dga,eqrbbusxbmlgfpy,eqrbbusxbmlgfpy.com,cryptolocker
dga,qdmkhfdadxni,qdmkhfdadxni.ru,cryptolocker
dga,vmwmfhdvbhpvoi,vmwmfhdvbhpvoi.info,cryptolocker
dga,62a90eef8fa161731d232d650e0a2c95,62a90eef8fa161731d232d650e0a2c95.info,bamital
dga,moveroad,moveroad.net,nivdort
dga,1jykakipikx9y1grh71w1jshla7,1jykakipikx9y1grh71w1jshla7.org,newgoz
dga,wo0jssljuahdlmwnnil67zig,wo0jssljuahdlmwnnil67zig.net,gameoverdga
dga,hhtjcqtqyeesmtp,hhtjcqtqyeesmtp.in,necurs
dga,76778bc09c12bcb6775e5ebb53cf5808,76778bc09c12bcb6775e5ebb53cf5808.org,bamital
dga,hbiqpecpcbmy,hbiqpecpcbmy.ru,cryptolocker
dga,qrchowvitgfcex,qrchowvitgfcex.ru,cryptolocker
dga,emnbncsiyudbvw,emnbncsiyudbvw.ru,cryptolocker
dga,pyfqbighvsvlvbm,pyfqbighvsvlvbm.ru,cryptolocker
dga,es1xdr19mxi101wd0fy5112inou,es1xdr19mxi101wd0fy5112inou.net,gameoverdga
dga,18ea0vq1eugaqddv8gfj144nwvu,18ea0vq1eugaqddv8gfj144nwvu.com,newgoz
dga,lbpjtozirfucukeqvczvcfy,lbpjtozirfucukeqvczvcfy.ru,goz
dga,dqbexqcpkztwhuxxivvsqociayvs,dqbexqcpkztwhuxxivvsqociayvs.ru,goz
dga,1lp8rjtjqxgrd1sgcclgmx3kq,1lp8rjtjqxgrd1sgcclgmx3kq.net,newgoz
dga,k46sbf1s7ycru13xzl961j6wtnw,k46sbf1s7ycru13xzl961j6wtnw.org,gameoverdga
dga,ifbkpxfwma,ifbkpxfwma.org,necurs
dga,sr8kf61fpbrqmnew4heozpi8h,sr8kf61fpbrqmnew4heozpi8h.net,gameoverdga
dga,tjtbcnrdvvylybul,tjtbcnrdvvylybul.ug,necurs
dga,7g781d8fq48110yypd10hnxsw,7g781d8fq48110yypd10hnxsw.com,gameoverdga
dga,jumpbreak,jumpbreak.net,nivdort
dga,vcaqeixolnpnzwsvoaqwgetk,vcaqeixolnpnzwsvoaqwgetk.ru,goz
dga,cpfgcpygwvhcbl,cpfgcpygwvhcbl.ru,cryptolocker
dga,scjjpigroutuwp,scjjpigroutuwp.ru,cryptolocker
dga,cogeomkldpq,cogeomkldpq.ki,necurs
dga,axxpvsurjjasfk,axxpvsurjjasfk.su,necurs
dga,12sbxmr40xbkd2zcx1f1egiucv,12sbxmr40xbkd2zcx1f1egiucv.net,newgoz
dga,uwajrunoiduc,uwajrunoiduc.ru,cryptolocker
dga,170ghnb1w80j7jjeh8y26p594v,170ghnb1w80j7jjeh8y26p594v.biz,newgoz
dga,abgxxniucgteenc,abgxxniucgteenc.info,cryptolocker
dga,malydeaobjvnen,malydeaobjvnen.ru,cryptolocker
dga,xqkxvwabitpt,xqkxvwabitpt.ru,cryptolocker
dga,glqlysiaffpyyko,glqlysiaffpyyko.com,cryptolocker
dga,pvlctvgbhuyvrsssip,pvlctvgbhuyvrsssip.jp,necurs
dga,deadjuly,deadjuly.net,nivdort
dga,5vz36x1j6f42sx0vg3d6xdeur,5vz36x1j6f42sx0vg3d6xdeur.biz,newgoz
dga,c6ce50b6d0cdd2d4da1b921a2f128503,c6ce50b6d0cdd2d4da1b921a2f128503.info,bamital
dga,rnyfuvsyofgv,rnyfuvsyofgv.biz,cryptolocker
dga,1klz9qv7919qtox5yz511g2rwv,1klz9qv7919qtox5yz511g2rwv.net,gameoverdga
dga,yymonmuhmkefyu,yymonmuhmkefyu.co.uk,cryptolocker
dga,xtuaqn1kuvpihie1feu5guar,xtuaqn1kuvpihie1feu5guar.com,newgoz
dga,bddpojrfohkool,bddpojrfohkool.ru,cryptolocker
dga,1epgngbd2efcy1w1pgtlp8qm9a,1epgngbd2efcy1w1pgtlp8qm9a.biz,gameoverdga
dga,tgknwucoukwwvbn,tgknwucoukwwvbn.ru,cryptolocker
dga,looinvgjliatq,looinvgjliatq.ru,cryptolocker
dga,smnrosf,smnrosf.mu,necurs
dga,ngwuyaaupopvr,ngwuyaaupopvr.ru,cryptolocker
dga,gladbuild,gladbuild.net,nivdort
dga,urbsdkdljyckwvbikxg,urbsdkdljyckwvbikxg.me,necurs
dga,rpdfcfpcdhntp,rpdfcfpcdhntp.ru,cryptolocker
dga,chgjofaansurrro,chgjofaansurrro.cm,necurs
dga,udluughajuhpat,udluughajuhpat.biz,cryptolocker
dga,drinkrain,drinkrain.net,nivdort
dga,1fedupbqnteq61e5j3n71h2s5pu,1fedupbqnteq61e5j3n71h2s5pu.com,gameoverdga
dga,fqekmeubntbjv,fqekmeubntbjv.ru,cryptolocker
dga,bffviakohca,bffviakohca.co,necurs
dga,beizqofijvckvojtorglzxqkjbp,beizqofijvckvojtorglzxqkjbp.ru,goz
dga,cqymcljthghqjq,cqymcljthghqjq.biz,cryptolocker
dga,wxgukwbmncnmw,wxgukwbmncnmw.ru,cryptolocker
dga,1pgapo41r8fio910zul78153o9t8,1pgapo41r8fio910zul78153o9t8.net,gameoverdga
dga,e8f9be2ab7732eba895dda11b2cf92c9,e8f9be2ab7732eba895dda11b2cf92c9.co.cc,bamital
dga,eyglmkgupgdia,eyglmkgupgdia.ru,cryptolocker
dga,hillshot,hillshot.net,nivdort
dga,txdllcvyhjcephwydypt,txdllcvyhjcephwydypt.la,necurs
dga,humansleep,humansleep.net,nivdort
dga,krrtolrqcpkrwvb,krrtolrqcpkrwvb.ru,cryptolocker
dga,yhhqjbvokrcorzmbtkypozaobwglj,yhhqjbvokrcorzmbtkypozaobwglj.ru,goz
dga,waaypjmoumfto,waaypjmoumfto.ru,cryptolocker
dga,btahdqypypsbp,btahdqypypsbp.biz,cryptolocker
dga,1lb4yzn1deut3jpo6u721acumw0,1lb4yzn1deut3jpo6u721acumw0.net,newgoz
dga,xdlzdprdepzsworkrxwmrobij,xdlzdprdepzsworkrxwmrobij.ru,goz
dga,hmbdsmpmmvbb,hmbdsmpmmvbb.org,cryptolocker
dga,1pkcuis113jrle1nh86kv2vkzbn,1pkcuis113jrle1nh86kv2vkzbn.com,gameoverdga
dga,1vw2xkbz7dvyfkolp51e6owsy,1vw2xkbz7dvyfkolp51e6owsy.com,gameoverdga
dga,felthouse,felthouse.net,nivdort
dga,mdaodtaifpkqkk,mdaodtaifpkqkk.ru,cryptolocker
dga,5945a50a1b7be3dff0a9aa87ae9d5569,5945a50a1b7be3dff0a9aa87ae9d5569.co.cc,bamital
dga,headpaid,headpaid.net,nivdort
legit,empressr,empressr.com,legit
legit,noticiasvenezuela,noticiasvenezuela.info,legit
legit,iptorrents,iptorrents.com,legit
legit,parspal,parspal.com,legit
legit,onlineschooladmissions,onlineschooladmissions.com,legit
legit,jalcard,jalcard.co.jp,legit
legit,shopserve,shopserve.jp,legit
legit,qualcomm,qualcomm.com,legit
legit,location-et-vacances,location-et-vacances.com,legit
legit,unfranchisetraining,unfranchisetraining.com,legit
legit,bonprix,bonprix.ru,alexa
legit,thenorthface,thenorthface.de,legit
legit,adspserving,adspserving.com,legit
legit,misterimprese,misterimprese.it,legit
legit,degrouptest,degrouptest.com,legit
legit,arabymotors,arabymotors.com,alexa
legit,u-szeged,u-szeged.hu,legit
legit,geek,geek.hr,alexa
legit,jqueryui,jqueryui.com,alexa
legit,healthkart,healthkart.com,legit
legit,traders,traders.co.jp,legit
legit,onlineigri,onlineigri.ru,legit
legit,hamyarwp,hamyarwp.com,alexa
legit,aflamneek,aflamneek.com,alexa
legit,mypass,mypass.de,alexa
legit,bestbuy-communityrelations,bestbuy-communityrelations.com,legit
legit,themegrill,themegrill.com,alexa
legit,heartifb,heartifb.com,legit
legit,fastlisting,fastlisting.org,legit
legit,chilecomparte,chilecomparte.cl,alexa
legit,cgis,cgis.biz,alexa
legit,targetjobs,targetjobs.co.uk,legit
legit,seodescription,seodescription.com,legit
legit,fashionandyou,fashionandyou.com,alexa
legit,battlefield,battlefield.com,legit
legit,filmfare,filmfare.com,legit
legit,apnacircle,apnacircle.com,legit
legit,ladypopular,ladypopular.it,alexa
legit,habergazete,habergazete.com,legit
legit,ftbpro,ftbpro.com,alexa
legit,torrenty,torrenty.pl,legit
legit,bookoff,bookoff.co.jp,legit
legit,wisegeek,wisegeek.org,legit
legit,finlandforum,finlandforum.org,alexa
legit,hbray,hbray.link,alexa
legit,chinaz,chinaz.com,alexa
legit,liteforex,liteforex.com.ng,legit
legit,bandainamcoid,bandainamcoid.com,legit
legit,armedtube,armedtube.com,legit
legit,localbd,localbd.com.au,alexa
legit,dallasobserver,dallasobserver.com,alexa
legit,reclameaqui,reclameaqui.com.br,alexa
legit,dailyjanakantha,dailyjanakantha.com,alexa
legit,bootstraptor,bootstraptor.com,alexa
legit,akairan,akairan.com,legit
legit,inquirer,inquirer.com.ph,legit
legit,imailapps,imailapps.com,legit
legit,lokmat,lokmat.com,alexa
legit,cpalead,cpalead.com,alexa
legit,renewableenergyworld,renewableenergyworld.com,alexa
legit,phillymag,phillymag.com,legit
legit,sberbank,sberbank.ba,legit
legit,netlink,netlink.com,legit
legit,qualityhealth,qualityhealth.com,alexa
legit,hibarif,hibarif.com,legit
legit,tourdom,tourdom.ua,legit
legit,bitshare,bitshare.com,alexa
legit,mercadolibre,mercadolibre.co.cr,legit
legit,radins,radins.com,alexa
legit,garbagegarage,garbagegarage.com,legit
legit,chinapnr,chinapnr.com,legit
legit,fujifilm,fujifilm.eu,legit
legit,denverpost,denverpost.com,alexa
legit,mailonsunday,mailonsunday.co.uk,legit
legit,qatarairways,qatarairways.com.qa,legit
legit,arabstar,arabstar.biz,legit
legit,radass,radass.com,alexa
legit,jailbaitlovers,jailbaitlovers.com,legit
legit,anunico,anunico.com.sv,legit
legit,kohnan-eshop,kohnan-eshop.com,legit
legit,linkhelper,linkhelper.cn,legit
legit,yamagata,yamagata.jp,legit
legit,niazerooz,niazerooz.com,alexa
legit,greensmoke,greensmoke.com,legit
legit,ingresocybernetico,ingresocybernetico.com.mx,legit
legit,travelpulse,travelpulse.com,alexa
legit,tangerine,tangerine.ca,alexa
legit,blog,blog-peliculas.com,alexa
legit,mg,mg.co.za,alexa
legit,bestnulledscripts,bestnulledscripts.com,alexa
legit,nusport,nusport.nl,alexa
legit,500wan,500wan.com,alexa
legit,batdongsan,batdongsan.com.vn,legit
legit,imwishlist,imwishlist.com,legit
legit,s,s-pankki.fi,alexa
legit,4guysfromrolla,4guysfromrolla.com,legit
legit,dagensmedia,dagensmedia.se,legit
legit,afi8,afi8.com,alexa
legit,wikivoyage,wikivoyage.org,legit
legit,oaklandlocal,oaklandlocal.com,legit
legit,superchange,superchange.org,legit
legit,inmobiliaria,inmobiliaria.com,legit
legit,paginasblancas,paginasblancas.com.ar,legit
legit,genesistutorials,genesistutorials.com,legit
legit,myvideo,myvideo.com,legit
legit,tuaw,tuaw.com,alexa
legit,medyanetads,medyanetads.com,legit
legit,madthumbs,madthumbs.com,legit
legit,housefull,housefull.co.in,legit
legit,ertelecom,ertelecom.ru,alexa
legit,elpropio,elpropio.com,alexa
legit,edublogs,edublogs.org,legit
legit,algoroo,algoroo.com,alexa
legit,copiny,copiny.com,alexa
legit,wmzond,wmzond.ru,alexa
legit,airfrance,airfrance.pl,legit
legit,crowdworks,crowdworks.jp,legit
legit,coderanch,coderanch.com,alexa
legit,topproducer,topproducer.training,legit
legit,siliconera,siliconera.com,legit
legit,mav-start,mav-start.hu,legit
legit,contentprofessor,contentprofessor.com,legit
legit,sinfest,sinfest.net,alexa
legit,mitsubishi-motors,mitsubishi-motors.co.za,legit
legit,ringcentral,ringcentral.ca,legit
legit,24horas,24horas.cl,alexa
legit,managementparadise,managementparadise.com,alexa
legit,pof,pof.com.br,alexa
legit,goldline,goldline.cc,legit
legit,gazetadopovo,gazetadopovo.com.br,alexa
legit,nehandaradio,nehandaradio.com,legit
legit,intouch,intouch.org,legit
legit,insanos,insanos.com.br,legit
legit,halldis,halldis.com,legit
legit,unicaen,unicaen.fr,alexa
legit,khmer,khmer-note.com,alexa
legit,hayhaytv,hayhaytv.vn,legit
legit,chronicle,chronicle.su,legit
legit,dqmp,dqmp.jp,alexa
legit,leenbakker,leenbakker.be,legit
legit,topyaps,topyaps.com,legit
legit,thehill,thehill.com,legit
legit,qatarshares,qatarshares.com,legit
legit,mywifesmom,mywifesmom.com,legit
legit,hoolay,hoolay.cn,alexa
legit,openx,openx.com,alexa
legit,sumorobo,sumorobo.net,alexa
legit,hackpad,hackpad.com,legit
legit,debenhams,debenhams.de,legit
legit,paparazzi,paparazzi.ru,legit
legit,yugioh-card,yugioh-card.com,legit
legit,3513,3513.com.cn,alexa
legit,mibebeyyo,mibebeyyo.com,legit
legit,mediafree,mediafree.co,alexa
legit,webmarketingjunkie,webmarketingjunkie.com,alexa
legit,inbursa,inbursa.com,alexa
legit,presonus,presonus.com,legit
legit,eastsilver,eastsilver.com,legit
legit,geburtstags-tipp,geburtstags-tipp.de,legit
legit,youwatch,youwatch.org,legit
legit,timviecnhanh,timviecnhanh.com,alexa
legit,zajil,zajil.com,alexa
legit,weddix,weddix.de,alexa
legit,pagerank,pagerank.tw,legit
legit,five9,five9.com,alexa
legit,saturday,saturday.com,legit
legit,megamind,megamind.ru,legit
legit,securedata-trans,securedata-trans.com,legit
legit,deal,deal.by,alexa
legit,rightstory,rightstory.org,legit
legit,nadlanu,nadlanu.com,legit
legit,starsue,starsue.net,alexa
legit,j,j-motto.co.jp,alexa
legit,erotika,erotika.jp,alexa
legit,inspirationfeed,inspirationfeed.com,alexa
legit,manuelsweb,manuelsweb.com,legit
legit,fashiongo,fashiongo.net,alexa
legit,tausendkind,tausendkind.de,legit
legit,cahiersdufootball,cahiersdufootball.net,legit
legit,aliceadsl,aliceadsl.fr,alexa
legit,hotelplanner,hotelplanner.com,legit
legit,showday,showday.tv,legit
legit,niebezpiecznik,niebezpiecznik.pl,alexa
legit,kulinarika,kulinarika.net,legit
legit,wphub,wphub.com,alexa
legit,dancetech,dancetech.com,legit
legit,gooutdoors,gooutdoors.co.uk,alexa
legit,meigeeteam,meigeeteam.com,legit
legit,gtplanet,gtplanet.net,legit
legit,eventfinder,eventfinder.co.nz,legit
legit,knuddels,knuddels.de,alexa
legit,mathworks,mathworks.co.uk,legit
legit,brandchannel,brandchannel.com,legit
legit,ggiss,ggiss.com,alexa
legit,bposter,bposter.net,legit
legit,rdstation,rdstation.com.br,alexa
legit,obviously,obviously-marvelous.com,alexa
legit,jet2holidays,jet2holidays.com,legit
legit,cute-nudes,cute-nudes.com,legit
legit,juventusmania,juventusmania.net,alexa
legit,ranklite,ranklite.se,legit
legit,welt,welt.de,alexa
legit,explicite-art-blog,explicite-art-blog.com,legit
legit,fj96336,fj96336.com,alexa
legit,co-optimus,co-optimus.com,legit
legit,movistar,movistar.com.ar,legit
legit,cymax,cymax.com,alexa
legit,weather,weather.bg,legit
legit,quiente,quiente.info,legit
legit,haolaba,haolaba.com,legit
legit,algerieinfo,algerieinfo.tk,legit
legit,apolo11,apolo11.com,legit
legit,aaa-logo,aaa-logo.com,legit
legit,mamabee,mamabee.net,legit
legit,irpopup,irpopup.ir,legit
legit,pixmania,pixmania.es,legit
legit,coloring-book,coloring-book.info,legit
legit,briantracy,briantracy.com,legit
legit,moneytalkworld,moneytalkworld.com,legit
legit,dragon-quest,dragon-quest.jp,legit
legit,towleroad,towleroad.com,alexa
legit,b-europe,b-europe.com,legit
legit,allevents,allevents.in,legit
legit,hometrainingtools,hometrainingtools.com,legit
legit,hostgator,hostgator.com,legit
legit,kde,kde.org,alexa
legit,loveorabove,loveorabove.com,legit
legit,eromon,eromon.net,alexa
legit,delcampe,delcampe.net,legit
legit,01net,01net.com,alexa
legit,valpak,valpak.com,alexa
legit,spankwire,spankwire.com,legit
legit,fleetowner,fleetowner.com,legit
legit,h,h-engo.com,alexa
legit,fashion,fashion.bg,legit
legit,mobilink,mobilink.com.pk,alexa
legit,hollywoodtuna,hollywoodtuna.com,legit
legit,sonico,sonico.com,alexa
legit,atz-europa,atz-europa.ru,legit
legit,thesettlersonline,thesettlersonline.com,alexa
legit,allstateonline,allstateonline.com,legit
legit,hdtransform,hdtransform.com,legit
legit,pelotka,pelotka.com,legit
legit,shazam,shazam.com,alexa
legit,tokstok,tokstok.com.br,alexa
legit,hikashop,hikashop.com,legit
legit,revostock,revostock.com,legit
legit,clearvoiceresearch,clearvoiceresearch.com,legit
legit,putlocker,putlocker.ws,legit
legit,fide,fide.com,alexa
legit,medbrowse,medbrowse.ru,legit
legit,downloadha,downloadha.com,legit
legit,templatesbox,templatesbox.com,legit
legit,debilizator,debilizator.tv,legit
legit,shopzilla,shopzilla.in,legit
legit,androidcommunity,androidcommunity.com,alexa
legit,starbucks,starbucks.com.my,legit
legit,webdirectory1,webdirectory1.biz,legit
legit,streetvoice,streetvoice.cn,legit
legit,skyranker,skyranker.com,alexa
legit,xum,xum.ir,alexa
legit,sarkariexam,sarkariexam.co.in,alexa
legit,vistaprint,vistaprint.nl,legit
legit,startuphire,startuphire.com,alexa
legit,portalinformatica,portalinformatica.com.br,legit
legit,prospect,prospect.co.jp,legit
legit,watchtvseries,watchtvseries.ch,alexa
legit,cocinerosargentinos,cocinerosargentinos.com,alexa
legit,box,box.net,alexa
legit,monipla,monipla.jp,legit
legit,colombiancupid,colombiancupid.com,legit
legit,dvdsinn,dvdsinn.com,legit
legit,telexplorer,telexplorer.com,legit
legit,concertandco,concertandco.com,legit
legit,homeaway,homeaway.co.uk,legit
legit,twitchfilm,twitchfilm.com,legit
legit,rajanews,rajanews.com,legit
legit,j,j-league.or.jp,alexa
legit,sportyou,sportyou.es,alexa
legit,magazine25,magazine25.com.br,legit
legit,loremipsum,loremipsum.de,legit
legit,doobybrain,doobybrain.com,legit
legit,media-fire,media-fire.org,legit
legit,farodevigo,farodevigo.es,legit
legit,darwinmarketing,darwinmarketing.com,alexa
legit,bashooka,bashooka.com,alexa
legit,abookapart,abookapart.com,legit
legit,cyber,cyber-berkut.org,alexa
legit,motorcycle,motorcycle.co.uk,legit
legit,wheninmanila,wheninmanila.com,alexa
legit,xjrb,xjrb.com,alexa
legit,mail2easy,mail2easy.com.br,legit
legit,socialfresh,socialfresh.com,alexa
legit,cgpersia,cgpersia.com,alexa
legit,smotrimultiki,smotrimultiki.ru,legit
legit,ddns,ddns.net,alexa
legit,elanteem,elanteem.com,alexa
legit,shockmansion,shockmansion.com,legit
legit,rokettubee,rokettubee.net,legit
legit,supermoney,supermoney.eu,legit
legit,usautoinsurancenow,usautoinsurancenow.com,legit
legit,headliner,headliner.nl,legit
legit,think-tasmania,think-tasmania.com,legit
legit,nimble,nimble.com,alexa
legit,ondapix,ondapix.com,legit
legit,panasonic,panasonic.ru,legit
legit,practicalecommerce,practicalecommerce.com,alexa
legit,air-gun,air-gun.ru,legit
legit,rugbyrama,rugbyrama.fr,alexa
legit,techmeme,techmeme.com,alexa
legit,elpais,elpais.com,alexa
legit,rcnmundo,rcnmundo.com,legit
legit,rightdiagnosis,rightdiagnosis.com,alexa
legit,sushiporntube,sushiporntube.com,legit
legit,justsweep,justsweep.com,legit
legit,pegipegi,pegipegi.com,alexa
legit,canaldigital,canaldigital.dk,legit
legit,chkme,chkme.com,alexa
legit,designchemical,designchemical.com,alexa
legit,thebiglead,thebiglead.com,alexa
legit,globalteaser,globalteaser.ru,legit
legit,mttang,mttang.com,alexa
legit,cannabis,cannabis.com,alexa
legit,dimokratiki,dimokratiki.gr,alexa
legit,majiamen,majiamen.com,alexa
legit,zapmeta,zapmeta.com.br,alexa
legit,parenting,parenting.pl,legit
legit,freebooksy,freebooksy.com,legit
legit,miclaro,miclaro.com.ec,legit
legit,loonwijzer,loonwijzer.nl,legit
legit,storeya,storeya.com,legit
legit,linkwheeltool,linkwheeltool.com,legit
legit,col3negoriginal,col3negoriginal.cc,alexa
legit,contemporist,contemporist.com,legit
legit,photonvps,photonvps.com,legit
legit,proff,proff.dk,alexa
legit,seohammer,seohammer.pro,legit
legit,1indianpornmovies,1indianpornmovies.com,legit
legit,jiqie,jiqie.com,alexa
legit,kanbanflow,kanbanflow.com,alexa
legit,norauto,norauto.fr,alexa
legit,playtopus,playtopus.com,legit
legit,hbdghl,hbdghl.com,alexa
legit,ctpgem,ctpgem.com,alexa
legit,girlsdelta,girlsdelta.com,legit
legit,andromo,andromo.com,alexa
legit,jobserve,jobserve.com,legit
legit,marketingoops,marketingoops.com,legit
legit,filehon,filehon.com,legit
legit,islamonline,islamonline.com,legit
legit,backlinks,backlinks.in,legit
legit,ignitepoint,ignitepoint.com,legit
legit,bukop,bukop.com,alexa
legit,emag,emag.bg,alexa
legit,y8,y8.com,alexa
legit,brick-force,brick-force.com,legit
legit,meteo,meteo.be,alexa
legit,bistudio,bistudio.com,legit
legit,migna,migna.ir,alexa
legit,myschool,myschool.com.ng,alexa
legit,nickjr,nickjr.com,alexa
legit,abeautifulmess,abeautifulmess.com,alexa
legit,crackle,crackle.com,alexa
legit,thegearpage,thegearpage.net,alexa
legit,moskva,moskva.fm,alexa
legit,casamentos,casamentos.pt,legit
legit,324,324.cat,alexa
legit,dollar,dollar.com,alexa
legit,synovus,synovus.com,legit
legit,unilever,unilever.pk,legit
legit,pimp-my-profile,pimp-my-profile.com,legit
legit,jianzhongyi,jianzhongyi.com,alexa
legit,and-roid,and-roid.net,legit
legit,dtiblog,dtiblog.com,alexa
legit,hiderefer,hiderefer.com,legit
legit,medion,medion.com,alexa
legit,mediaanticsinc,mediaanticsinc.com,alexa
legit,december,december.com,legit
legit,xinnong,xinnong.com,alexa
legit,958shop,958shop.com,legit
legit,deriheruhotel,deriheruhotel.com,legit
legit,cityb2c,cityb2c.net,alexa
legit,auction,auction.tokyo,legit
legit,i2i,i2i.jp,alexa
legit,homeclips,homeclips.com,legit
legit,extrabigboobs,extrabigboobs.com,legit
legit,biobiochile,biobiochile.cl,alexa
legit,roosterteeth,roosterteeth.com,alexa
legit,ctrlq,ctrlq.org,alexa
legit,pureeditor,pureeditor.com,legit
legit,formula1,formula1.com,alexa
legit,pianoworld,pianoworld.com,legit
legit,electronicintifada,electronicintifada.net,alexa
legit,guerrastribales,guerrastribales.es,legit
legit,missionfcu,missionfcu.org,legit
legit,howlifeworks,howlifeworks.com,legit
legit,impactradius,impactradius.ca,legit
legit,wizishop,wizishop.com,legit
legit,hinet,hinet.net,alexa
legit,newvampcity,newvampcity.com,legit
legit,toroadvertisingmedia,toroadvertisingmedia.com,alexa
legit,acidezfeminina,acidezfeminina.com.br,legit
legit,davp,davp.nic.in,alexa
legit,bmfbovespa,bmfbovespa.com.br,legit
legit,destinationfemme,destinationfemme.com,alexa
legit,accenture,accenture.com,alexa
legit,realitykings,realitykings.com,legit
legit,universal,universal.org.bw,legit
legit,mfcad,mfcad.com,alexa
legit,shanbara,shanbara.jp,legit
legit,cientx,cientx.com,alexa
legit,startbootstrap,startbootstrap.com,alexa
legit,freetech4teachers,freetech4teachers.com,legit
legit,omniprix,omniprix.com,legit
legit,indiancarsbikes,indiancarsbikes.in,legit
legit,ofreegames,ofreegames.com,alexa
legit,independent,independent.com,legit
legit,best-offers,best-offers.co.uk,legit
legit,drivetime,drivetime.com,legit
legit,news,news-us.jp,alexa
legit,affaire18,affaire18.com,legit
legit,agranibank,agranibank.net,legit
legit,al-dreams,al-dreams.com,legit
legit,cacoo,cacoo.com,alexa
legit,skitownbooks,skitownbooks.com,legit
legit,vipyl,vipyl.com,alexa
legit,hotmail,hotmail.com,legit
legit,eroanimedouga,eroanimedouga.net,alexa
legit,newsweeklatino,newsweeklatino.com,alexa
legit,mcall,mcall.com,alexa
legit,miwoa,miwoa.com,alexa
legit,michelin,michelin.in,legit
legit,siliconbeachtraining,siliconbeachtraining.co.uk,legit
legit,freepornvs,freepornvs.com,alexa
legit,thisdaylive,thisdaylive.com,alexa
legit,coasttocoastam,coasttocoastam.com,legit
legit,arts,arts.ac.uk,alexa
legit,activebeat,activebeat.com,alexa
legit,letcen,letcen.com,alexa
legit,dotnet,dotnet-tricks.com,alexa
legit,thumbshots,thumbshots.org,legit
legit,topsocialbookmarkseo,topsocialbookmarkseo.com,legit
legit,holidaycheck,holidaycheck.nl,legit
legit,wirefan,wirefan.com,legit
legit,technologyreview,technologyreview.com,legit
legit,freetranslation,freetranslation.com,alexa
legit,leotheme,leotheme.com,alexa
legit,superbasket,superbasket.gr,legit
legit,xstxt,xstxt.com,alexa
legit,bluemountain,bluemountain.ca,legit
legit,workabroad,workabroad.com.ph,legit
legit,banglalinkgsm,banglalinkgsm.com,legit
legit,betterexplained,betterexplained.com,alexa
legit,imu,imu.edu.cn,alexa
legit,google,google.sn,alexa
legit,asterisk,asterisk.com,legit
legit,maxpressnet,maxpressnet.com.br,legit
legit,linksys,linksys.com,legit
legit,eltrecetv,eltrecetv.com.ar,alexa
legit,tvtorrents,tvtorrents.com,legit
legit,bestandfree,bestandfree.com,alexa
legit,bigbuy,bigbuy.eu,alexa
legit,aol,aol.co.uk,alexa
legit,goldtheme,goldtheme.net,alexa
legit,laborator,laborator.co,legit
legit,admiral,admiral.ag,legit
legit,shiavoice,shiavoice.com,alexa
legit,ftc,ftc.gov,alexa
legit,ckeditor,ckeditor.com,alexa
legit,shaw,shaw.ca,alexa
legit,delivery,delivery.cz,legit
legit,booksite,booksite.ir,legit
legit,wt-eu02,wt-eu02.net,legit
legit,wp-snippets,wp-snippets.com,legit
legit,cbr,cbr.ru,alexa
legit,wiwi,wiwi-treff.de,alexa
legit,multikino,multikino.pl,legit
legit,bullionvault,bullionvault.pl,legit
legit,adspdbl,adspdbl.com,legit
legit,haaretz,haaretz.com,alexa
legit,peeplink,peeplink.in,legit
legit,soapzone,soapzone.com,legit
legit,pornolab,pornolab.net,legit
legit,bg-mamma,bg-mamma.com,legit
legit,secondlove,secondlove.com.mx,legit
legit,ninghao,ninghao.net,legit
legit,expedia,expedia.com,legit
legit,laohu,laohu.com,alexa
legit,fantastigames,fantastigames.com,legit
legit,read2ch,read2ch.com,legit
legit,ha,ha.com,alexa
legit,kidshealth,kidshealth.org,alexa
legit,fighters,fighters.co.jp,legit
legit,clashofclans,clashofclans.web.tr,legit
legit,elnorte,elnorte.com.ve,legit
legit,laylagrayce,laylagrayce.com,legit
legit,uni-bremen,uni-bremen.de,legit
legit,effectmatrix,effectmatrix.com,legit
legit,rehouse,rehouse.co.jp,alexa
legit,mbank,mbank.sk,alexa
legit,allhyipmonitors,allhyipmonitors.com,legit
legit,avantrip,avantrip.com,alexa
legit,bolavip,bolavip.com,alexa
legit,mydaily,mydaily.co.kr,legit
legit,todopapas,todopapas.com,legit
legit,freedomvoice,freedomvoice.com,alexa
legit,hookupbbw,hookupbbw.com,legit
legit,fincaraiz,fincaraiz.com.co,legit
legit,sexchat,sexchat.cz,legit
legit,lostdirectory,lostdirectory.com,legit
legit,moviestarplanet,moviestarplanet.com,legit
legit,zch-vip,zch-vip.com,legit
legit,digicafe,digicafe.jp,legit
legit,marketingscoop,marketingscoop.com,legit
legit,smartbear,smartbear.com,legit
legit,edarling,edarling.es,legit
legit,strategies,strategies.fr,legit
legit,cebuclassifieds,cebuclassifieds.com,legit
legit,naturalcuresnotmedicine,naturalcuresnotmedicine.com,alexa
legit,yellowpages,yellowpages.ca,alexa
legit,ebird,ebird.org,alexa
legit,caspianbarrel,caspianbarrel.org,legit
legit,craigslist,craigslist.fi,legit
legit,directadmin,directadmin.com,legit
legit,snapfish,snapfish.ca,legit
legit,directtrafficmedia,directtrafficmedia.co.uk,legit
legit,golfdigest,golfdigest.com,legit
legit,urlshare,urlshare.cn,alexa
legit,vistage,vistage.com,legit
legit,spgcw,spgcw.com,alexa
legit,livemail,livemail.co.uk,alexa
legit,datatrans,datatrans.biz,legit
legit,3ds,3ds.com,alexa
legit,colatour,colatour.com.tw,legit
legit,shush,shush.se,alexa
legit,runrun,runrun.es,alexa
legit,crawler,crawler.com,legit
legit,linkgrand,linkgrand.com,alexa
legit,letterboxd,letterboxd.com,legit
legit,chevalannonce,chevalannonce.com,legit
legit,tirage,tirage-gagnant.com,alexa
legit,areacodelocations,areacodelocations.info,legit
legit,gastronomiaycia,gastronomiaycia.com,alexa
legit,burningcamel,burningcamel.com,alexa
legit,multiupload,multiupload.nl,legit
legit,soloboys,soloboys.tv,legit
legit,maturehdtube,maturehdtube.com,legit
legit,saitama,saitama.lg.jp,alexa
legit,demotywatory,demotywatory.pl,alexa
legit,hsselite,hsselite.com,alexa
legit,livedoor,livedoor.biz,alexa
legit,dianxinos,dianxinos.com,legit
legit,strato-hosting,strato-hosting.eu,legit
legit,hongkongpost,hongkongpost.hk,legit
legit,alitalia,alitalia.com,legit
legit,mcanime,mcanime.net,alexa
legit,safeandfreefiles,safeandfreefiles.com,alexa
legit,action36,action36.com,legit
legit,naruget,naruget.net,alexa
legit,xflirt,xflirt.com,alexa
legit,sharebeast,sharebeast.com,alexa
legit,adverts,adverts.ie,legit
legit,postlets,postlets.com,alexa
legit,junkiemonkeys,junkiemonkeys.com,alexa
legit,glamourparis,glamourparis.com,legit
legit,ffclub,ffclub.ru,alexa
legit,batoto,batoto.net,alexa
legit,flirtfair,flirtfair.de,legit
legit,gameloft,gameloft.fr,legit
legit,axisbank,axisbank.com,alexa
legit,calzedonia,calzedonia.it,legit
legit,forrester,forrester.com,alexa
legit,whole30,whole30.com,alexa
legit,kekanto,kekanto.com,legit
legit,roboforex,roboforex.ru,alexa
legit,easycom,easycom.com.ua,legit
legit,chemcp,chemcp.com,alexa
legit,biz-journal,biz-journal.jp,legit
legit,imgfun,imgfun.biz,alexa
legit,spinrewriter,spinrewriter.com,alexa
legit,uz,uz.gov.ua,alexa
legit,torrentfrancais,torrentfrancais.sx,legit
legit,oyodomo,oyodomo.com,alexa
legit,pokemmo,pokemmo.eu,legit
legit,douban,douban.com,alexa
legit,webjet,webjet.com.au,alexa
legit,momastore,momastore.org,legit
legit,cosmopolitan,cosmopolitan.mn,legit
legit,playdota,playdota.ir,legit
legit,thenude,thenude.eu,legit
legit,123devis,123devis.com,legit
legit,hairboutique,hairboutique.com,legit
legit,cubecart,cubecart.com,legit
legit,mourjan,mourjan.com,alexa
legit,dunya,dunya.com.pk,alexa
legit,tottenhamhotspur,tottenhamhotspur.com,legit
legit,news12,news12.com,alexa
legit,kinenote,kinenote.com,legit
legit,mihanscript,mihanscript.ir,legit
legit,tkaraoke,tkaraoke.com,legit
legit,logoeps,logoeps.net,legit
legit,myjianzhu,myjianzhu.com,alexa
legit,urmusiczone,urmusiczone.com,alexa
legit,korea-dpr,korea-dpr.com,legit
legit,overclockzone,overclockzone.com,alexa
legit,assurant,assurant.com,legit
legit,reference,reference.be,legit
legit,electrolux,electrolux.com.mx,legit
legit,islamway,islamway.net,legit
legit,freehosting,freehosting.com,alexa
legit,wantitall,wantitall.co.za,legit
legit,freeones,freeones.co.uk,legit
legit,kabuki-bito,kabuki-bito.jp,legit
legit,goyellow,goyellow.de,legit
legit,holiday-rental-homes,holiday-rental-homes.es,legit
legit,niceday,niceday.tw,alexa
legit,mailonline,mailonline.co.uk,legit
legit,alldebrid,alldebrid.fr,alexa
legit,xihaiannews,xihaiannews.com,legit
legit,passport,passport.gov.sa,legit
legit,hotfiles,hotfiles.ro,alexa
legit,shafaaq,shafaaq.com,alexa
legit,spreadshirt,spreadshirt.co.uk,legit
legit,blm,blm.gov,alexa
legit,sportsdirect,sportsdirect.co.uk,legit
legit,limeroad,limeroad.com,legit
legit,xcelenergy,xcelenergy.com,alexa
legit,tragiko,tragiko.net,legit
legit,defense,defense.gouv.fr,legit
legit,bookmyshow,bookmyshow.com,legit
legit,tripadvisor,tripadvisor.com.tw,alexa
legit,viptube,viptube.com,alexa
legit,xapo,xapo.com,alexa
legit,lovehoney,lovehoney.co.uk,alexa
legit,dwstatic,dwstatic.com,legit
legit,googlewebmastercentral,googlewebmastercentral.blogspot.co.il,legit
legit,bit,bit-tech.net,alexa
legit,brandboom,brandboom.com,alexa
legit,lushusa,lushusa.com,legit
legit,gtranslate,gtranslate.net,legit
legit,hiapk,hiapk.com,alexa
legit,huatianduo,huatianduo.com,legit
legit,software-script,software-script.com,legit
legit,logogarden,logogarden.com,legit
legit,alkhoirot,alkhoirot.net,legit
legit,peixun168,peixun168.com,alexa
legit,diabeticconnect,diabeticconnect.com,legit
legit,comcast,comcast.net,alexa
legit,roommates,roommates.sk,legit
legit,marieclaire,marieclaire.gr,legit
legit,chuiso,chuiso.com,alexa
legit,provincia,provincia.mantova.it,legit
legit,chinapost,chinapost.com.tw,legit
legit,tradekey,tradekey.com,alexa
legit,shoppydoo,shoppydoo.it,legit
legit,igo,igo.cn,alexa
legit,51yip,51yip.com,alexa
legit,onlinehome,onlinehome.mx,legit
legit,defesanet,defesanet.com.br,legit
legit,wikimon,wikimon.mn,legit
legit,topgoldforum,topgoldforum.com,legit
legit,hellomusic,hellomusic.com,legit
legit,bikezona,bikezona.it,legit
legit,cronica,cronica.com.ar,alexa
legit,grumpycats,grumpycats.com,legit
legit,favicon,favicon.cc,alexa
legit,hqylgc,hqylgc.com,alexa
legit,freeforums,freeforums.org,alexa
legit,cnnexpansion,cnnexpansion.com,legit
legit,thestudentroom,thestudentroom.co.uk,alexa
legit,futebol365,futebol365.pt,legit
legit,goodteentube,goodteentube.com,legit
legit,algerie-focus,algerie-focus.com,legit
legit,freep,freep.com,alexa
legit,elheraldo,elheraldo.co,alexa
legit,infoludek,infoludek.pl,legit
legit,serpfox,serpfox.com,legit
legit,marthastewartweddings,marthastewartweddings.com,alexa
legit,frogupdate,frogupdate.com,legit
legit,immigration,immigration.gov.fj,legit
legit,teeniesland,teeniesland.com,legit
legit,daisycon,daisycon.com,alexa
legit,laurentbourrelly,laurentbourrelly.com,legit
legit,stelladot,stelladot.com,legit
legit,arrastheme,arrastheme.com,legit
legit,shoemetro,shoemetro.com,legit
legit,dotpay,dotpay.pl,alexa
legit,footballidentity,footballidentity.com,legit
legit,compfight,compfight.com,alexa
legit,xmfish,xmfish.com,alexa
legit,spartak,spartak.msk.ru,legit
legit,goldsea,goldsea.su,alexa
legit,ntlworld,ntlworld.com,alexa
legit,sansimera,sansimera.gr,legit
legit,thule,thule.com,alexa
legit,tu,tu-muenchen.de,alexa
legit,cronica,cronica.com.py,legit
legit,prian,prian.ru,alexa
legit,ingatlanbazar,ingatlanbazar.hu,legit
legit,blogsport,blogsport.com,legit
legit,flash-screen,flash-screen.com,legit
legit,borsaitalia,borsaitalia.it,alexa
legit,objektdata,objektdata.se,legit
legit,k-state,k-state.edu,legit
legit,hardware,hardware.info,legit
legit,spr,spr.ru,alexa
legit,neredekal,neredekal.com,legit
legit,classicrummy,classicrummy.com,legit
legit,osundefender,osundefender.org,alexa
legit,glavnoe,glavnoe.ua,alexa
legit,mymp3song,mymp3song.name,legit
legit,keb,keb.co.kr,alexa
legit,almshaheer,almshaheer.com,legit
legit,olx,olx.by,alexa
legit,in5d,in5d.com,alexa
legit,pressreleaseping,pressreleaseping.com,alexa
legit,zennolab,zennolab.com,legit
legit,raininghotcoupons,raininghotcoupons.com,legit
legit,computerhope,computerhope.com,legit
legit,rubensfan,rubensfan.de,legit
legit,baldur-garten,baldur-garten.at,legit
legit,ausforex,ausforex.com,alexa
legit,spbu,spbu.ru,alexa
legit,josepvinaixa,josepvinaixa.com,legit
legit,greystripe,greystripe.com,legit
legit,easyviaggio,easyviaggio.com,legit
legit,iprospect,iprospect.com.au,legit
legit,tvb,tvb.com,alexa
legit,sodimac,sodimac.cl,alexa
legit,coolspotters,coolspotters.com,legit
legit,ciqy,ciqy.com,alexa
legit,allianz,allianz.co,legit
legit,leporno,leporno.org,legit
legit,deraktionaer,deraktionaer.de,legit
legit,itslive,itslive.com,legit
legit,profiresearch,profiresearch.net,legit
legit,independent24,independent24.tv,legit
legit,pilotonline,pilotonline.com,legit
legit,erotown,erotown.com,legit
legit,thelocal,thelocal.at,legit
legit,wolfram,wolfram.org,legit
legit,pkgarments,pkgarments.com,legit
legit,rooletka,rooletka.ru,legit
legit,harianjogja,harianjogja.com,legit
legit,lyonnaise-des-eaux,lyonnaise-des-eaux.fr,legit
legit,nzw,nzw.cn,alexa
legit,meteoweb,meteoweb.eu,alexa
legit,craigslist,craigslist.gr,legit
legit,javaneparsi,javaneparsi.com,legit
legit,vivareal,vivareal.com.br,legit
legit,scripts,scripts.com,legit
legit,ottoversand,ottoversand.at,alexa
legit,giustizia,giustizia.toscana.it,legit
legit,ryusoku,ryusoku.com,alexa
legit,rtlklub,rtlklub.hu,alexa
legit,rsssearchhub,rsssearchhub.com,legit
legit,picturehouses,picturehouses.co.uk,legit
legit,logomaker,logomaker.com,alexa
legit,nzdating,nzdating.com,alexa
legit,spazionapoli,spazionapoli.it,legit
legit,livenation,livenation.pl,legit
legit,joomla24,joomla24.com,alexa
legit,sportal,sportal.co.nz,legit
legit,foxitservice,foxitservice.com,legit
legit,gamepro,gamepro.de,legit
legit,tradove,tradove.com,alexa
legit,vgamenetwork,vgamenetwork.com,legit
legit,faberlic,faberlic.kz,legit
legit,newsitamea,newsitamea.gr,alexa
legit,elgiganten,elgiganten.dk,legit
legit,proxify,proxify.net,legit
legit,indabamusic,indabamusic.com,legit
legit,bedbathandbeyond,bedbathandbeyond.ca,legit
legit,cooladata,cooladata.com,legit
legit,msn,msn.ca,alexa
legit,mythingsmedia,mythingsmedia.net,legit
legit,jeep,jeep.com,alexa
legit,canalcocina,canalcocina.es,legit
legit,gotgayporn,gotgayporn.com,legit
legit,jjshouse,jjshouse.com,legit
legit,unilever,unilever.com,legit
legit,extabit,extabit.com,alexa
legit,coursesweb,coursesweb.net,legit
legit,designaddurl,designaddurl.com,legit
legit,gainesvillecoins,gainesvillecoins.com,legit
legit,umbrella,umbrella.al,alexa
legit,aliyuncs,aliyuncs.com,legit
legit,perfectmoney,perfectmoney.com,alexa
legit,mydirtyhobby,mydirtyhobby.de,legit
legit,thehealthyhomeeconomist,thehealthyhomeeconomist.com,alexa
legit,techsatish,techsatish.tv,legit
legit,smartredirect,smartredirect.de,legit
legit,brainmass,brainmass.com,legit
legit,kemdiknas,kemdiknas.go.id,legit
legit,recreationaddurl,recreationaddurl.com,legit
legit,yogajournal,yogajournal.it,legit
legit,cpcstrategy,cpcstrategy.com,legit
legit,linkativo,linkativo.blog.br,legit
legit,draw,draw.io,alexa
legit,adzerk,adzerk.com,alexa
legit,casinolistings,casinolistings.com,legit
legit,thinkstockphotos,thinkstockphotos.com.au,legit
legit,gaydar,gaydar.net,alexa
legit,7kmaa,7kmaa.com,alexa
legit,manning,manning.com,alexa
legit,animextremist,animextremist.com,alexa
legit,pudra,pudra.com,alexa
legit,pecetowiec,pecetowiec.pl,legit
legit,kinghost,kinghost.com.br,legit
legit,dallasnews,dallasnews.com,alexa
legit,beastgals,beastgals.com,legit
legit,ebaypartnernetwork,ebaypartnernetwork.com,alexa
legit,efox-shop,efox-shop.com,legit
legit,offset,offset.com,alexa
legit,monoprix,monoprix.fr,legit
legit,nguyentandung,nguyentandung.org,alexa
legit,crtvg,crtvg.es,alexa
legit,12gebrauchtwagen,12gebrauchtwagen.de,legit
legit,streamray,streamray.com,legit
legit,bankone,bankone.mu,legit
legit,dezignwithaz,dezignwithaz.com,legit
legit,elise,elise.com.ua,alexa
legit,iic,iic.com.tw,alexa
legit,simplebooking,simplebooking.it,alexa
legit,go-gulf,go-gulf.ae,legit
legit,evolutionm,evolutionm.net,legit
legit,scp-wiki,scp-wiki.net,legit
legit,lbxcn,lbxcn.com,alexa
legit,chefscatalog,chefscatalog.com,legit
legit,eleadcrm,eleadcrm.com,legit
legit,volkswagen,volkswagen.ch,legit
legit,buckaroo,buckaroo.nl,legit
legit,dickporntube,dickporntube.com,legit
legit,aftenbladet,aftenbladet.no,alexa
legit,freelancer,freelancer.hk,legit
legit,passport,passport.com.ph,legit
legit,twitter,twitter.co,legit
legit,boursedetude,boursedetude.org,legit
legit,planetajoy,planetajoy.com,legit
legit,textbookers,textbookers.com,alexa
legit,tipidpc,tipidpc.com,legit
legit,kumi,kumi.cn,alexa
legit,avisooportuno,avisooportuno.mx,legit
legit,magiciso,magiciso.com,legit
legit,toopfun,toopfun.ir,legit
legit,gemselect,gemselect.com,legit
legit,99designs,99designs.ie,legit
legit,hikashop,hikashop.com,alexa
legit,fqtown,fqtown.com,alexa
legit,koleimports,koleimports.com,legit
legit,auslogics,auslogics.com,alexa
legit,webmasterslibrary,webmasterslibrary.com,legit
legit,plug,plug.dj,alexa
legit,claromusica,claromusica.com,legit
legit,santaihu,santaihu.com,alexa
legit,mlmwatchdog,mlmwatchdog.com,legit
legit,ine,ine.es,alexa
legit,trabajandodesdecasa,trabajandodesdecasa.org,legit
legit,mediaffiliation,mediaffiliation.com,alexa
legit,freelancer,freelancer.in,legit
legit,foxtrot,foxtrot.com.ua,legit
legit,gapyear,gapyear.com,legit
legit,thespringmount6pack,thespringmount6pack.com,legit
legit,dsireusa,dsireusa.org,legit
legit,timsun,timsun.com.cn,alexa
legit,iframes,iframes.com.au,legit
legit,reallifecam,reallifecam.com,alexa
legit,automation,automation.com.cn,alexa
legit,iteca,iteca.kz,alexa
legit,otnnetwork,otnnetwork.net,legit
legit,siasatema,siasatema.com,legit
legit,spardeingeld,spardeingeld.de,legit
legit,bowthemes,bowthemes.com,legit
legit,imgarcade,imgarcade.com,alexa
legit,comedycentral,comedycentral.co.uk,legit
legit,googlecode,googlecode.com,legit
legit,google,google.com.au,alexa
legit,iwantmyname,iwantmyname.com,alexa
legit,nowvideo,nowvideo.at,legit
legit,pixmania,pixmania.it,alexa
legit,luckybrand,luckybrand.com,legit
legit,rodfile,rodfile.com,alexa
legit,noandishaan,noandishaan.com,legit
legit,kintetsu,kintetsu.co.jp,legit
legit,cjs-cdkeys,cjs-cdkeys.com,legit
legit,pkspiyungan,pkspiyungan.org,alexa
legit,mrcnetwork,mrcnetwork.it,legit
legit,mydramalist,mydramalist.com,alexa
legit,fitnessfirst,fitnessfirst.fi,legit
legit,paddsolutions,paddsolutions.com,legit
legit,eduvision,eduvision.edu.pk,legit
legit,dsgame,dsgame.co.kr,alexa
legit,torrent-tv,torrent-tv.ru,legit
legit,autov,autov.com.cn,alexa
legit,westernunion,westernunion.com,alexa
legit,pfchangs,pfchangs.com,alexa
legit,xuetu,xuetu.com,alexa
legit,plccenter,plccenter.com,legit
legit,almuhands,almuhands.org,legit
legit,locationary,locationary.com,legit
legit,smallseotools,smallseotools.com,legit
legit,paleohacks,paleohacks.com,alexa
legit,uuu9,uuu9.com,alexa
legit,shopnbc,shopnbc.com,legit
legit,philips,philips.es,legit
legit,automobile-magazine,automobile-magazine.fr,legit
legit,billigfluege,billigfluege.de,legit
legit,chicagobears,chicagobears.com,legit
legit,uwm,uwm.edu,alexa
legit,mijndomein,mijndomein.nl,alexa
legit,emilyreviews,emilyreviews.com,legit
legit,bassistance,bassistance.de,legit
legit,raiffeisen,raiffeisen.hu,legit
legit,weekendesk,weekendesk.nl,legit
legit,globalknowledge,globalknowledge.ae,legit
legit,gautier-girard,gautier-girard.com,legit
legit,cookingclassy,cookingclassy.com,legit
legit,twoplayergames,twoplayergames.org,alexa
legit,garuda-indonesia,garuda-indonesia.co.jp,legit
legit,codeguard,codeguard.com,legit
legit,thesurvivalpodcast,thesurvivalpodcast.com,legit
legit,pontoxp,pontoxp.com,legit
legit,fab,fab.com,alexa
legit,submarinoviagens,submarinoviagens.com.br,alexa
legit,ingrammicro,ingrammicro.com.cn,legit
legit,adlegend,adlegend.com,legit
legit,justice,justice.gov.uk,legit
legit,chemistdirect,chemistdirect.co.uk,alexa
legit,over-blog,over-blog.it,legit
legit,xosominhngoc,xosominhngoc.com,legit
legit,ezhuang,ezhuang.cc,legit
legit,lojamelissa,lojamelissa.com.br,legit
legit,japanpost,japanpost.jp,alexa
legit,socksb2b,socksb2b.com,legit
legit,releasethread,releasethread.org,legit
legit,transtutors,transtutors.com,legit
legit,altools,altools.co.kr,alexa
legit,anawenti,anawenti.com,alexa
legit,loquo,loquo.com,alexa
legit,ledauphine,ledauphine.com,legit
legit,alarab,alarab.net,alexa
legit,alibris,alibris.com,alexa
legit,bebinin,bebinin.com,alexa
legit,linkchic,linkchic.com,legit
legit,friendscout24,friendscout24.it,legit
legit,coolermaster-usa,coolermaster-usa.com,legit
legit,bestwestern,bestwestern.ru,legit
legit,foreclosureindia,foreclosureindia.com,legit
legit,mehrnews,mehrnews.ir,legit
legit,alexking,alexking.org,legit
legit,linkbulink,linkbulink.com,legit
legit,dailyherald,dailyherald.com,alexa
legit,freecycle,freecycle.org,legit
legit,dividendmantra,dividendmantra.com,alexa
legit,gs0,gs0.org,alexa
legit,prophet666,prophet666.com,legit
legit,happy-giraffe,happy-giraffe.ru,legit
legit,elemisfreebies,elemisfreebies.com,legit
legit,rapidshare,rapidshare.com,alexa
legit,e,e-go.gr,alexa
legit,pnc,pnc.com,alexa
legit,176,176.com,alexa
legit,freedomains4all,freedomains4all.tk,alexa
legit,clarins,clarins.ca,legit
legit,eltuboadventista,eltuboadventista.com,legit
legit,raymondjames,raymondjames.ca,legit
legit,trucoswindows,trucoswindows.com,legit
legit,meucarango,meucarango.com.br,legit
legit,silk,silk.com,alexa
legit,googlemaps,googlemaps.com,legit
legit,gmailblog,gmailblog.blogspot.fr,legit
legit,migalhas,migalhas.com.br,alexa
legit,maitravelsite,maitravelsite.com,legit
legit,boscovs,boscovs.com,alexa
legit,rwgenting,rwgenting.com,legit
legit,recipdonor,recipdonor.com,legit
legit,indialinks,indialinks.com,legit
legit,shopaman,shopaman.de,legit
legit,growthhackers,growthhackers.com,alexa
legit,reuters,reuters.com,legit
legit,casinomeister,casinomeister.com,alexa
legit,telkku,telkku.com,alexa
legit,mp3truck,mp3truck.eu,legit
legit,2p,2p.net,alexa
legit,newswire,newswire.ca,alexa
legit,jobmonitor,jobmonitor.hu,legit
legit,opodo,opodo.co.uk,alexa
legit,wealthyaffiliate,wealthyaffiliate.com,alexa
legit,rainaix,rainaix.com,alexa
legit,cricwaves,cricwaves.com,legit
legit,hofer-reisen,hofer-reisen.at,legit
legit,cointrackers,cointrackers.com,legit
legit,kobe,kobe.lg.jp,alexa
legit,tiexue,tiexue.net,alexa
legit,solecollector,solecollector.com,legit
legit,rhx,rhx.com.cn,alexa
legit,electrical-engineering-portal,electrical-engineering-portal.com,legit
legit,agava,agava.ru,alexa
legit,adrianeboneck,adrianeboneck.com.br,legit
legit,huaweidevice,huaweidevice.fr,legit
